name,status,source,url,info,error
6ter (1080p),FAIL-1,playlist.m3u,http://145.239.5.177/314/index.m3u8,,http://145.239.5.177/314/index.m3u8: Server returned 403 Forbidden (access denied)
arte (720p),FAIL-1,playlist.m3u,http://145.239.5.177/300/index.m3u8,,http://145.239.5.177/300/index.m3u8: Server returned 403 Forbidden (access denied)
C Star (1080p),FAIL-1,playlist.m3u,http://145.239.5.177/361/index.m3u8,,http://145.239.5.177/361/index.m3u8: Server returned 403 Forbidden (access denied)
Clubbing TV France,FAIL-1,playlist.m3u,https://d1j2csarxnwazk.cloudfront.net/v1/master/3722c60a815c199d9c0ef36c5b73da68a62b09d1/cc-uze1m6xh4fiyr-ssai-prd/master.m3u8,,https://d1j2csarxnwazk.cloudfront.net/v1/master/3722c60a815c199d9c0ef36c5b73da68a62b09d1/cc-uze1m6xh4fiyr-ssai-prd/master.m3u8: Server returned 5XX Server Error reply
France 24 French (1080p),OK-2X,playlist.m3u,https://live.france24.com/hls/live/2037179-b/F24_FR_HI_HLS/master_5000.m3u8,"video,1920,1080
audio
data

video,1920,1080
audio
data",
France 3 Cote d'Azur,OK-2X,playlist.m3u,http://89.187.185.76:8080/France3/index.m3u8,"audio
audio
video,1920,1080
audio

audio
audio
video,1920,1080
audio",
France 3 Lorraine (1080p),OK-2X,playlist.m3u,http://5.180.164.197:8080/FRANCE3/index.m3u8,"audio
audio
audio
audio
video,1920,1080

audio
audio
audio
audio
video,1920,1080",
France 4,FAIL-1,playlist.m3u,http://176.65.146.100:8047/play/a074/index.m3u8,,[tcp @ 0x55fa2ef60540] Connection to tcp://176.65.146.100:8047 failed: Connection timed out http://176.65.146.100:8047/play/a074/index.m3u8: Connection timed out
France 5 (720p),FAIL-1,playlist.m3u,http://145.239.5.177/305/index.m3u8,,http://145.239.5.177/305/index.m3u8: Server returned 403 Forbidden (access denied)
"like Gecko) Chrome/149.0.0.0 Safari/537.3"" group-title=""01 - TNT & GENERALISTES"",France 3",FAIL-1,playlist.m3u,http://85.14.32.26:8800/udp/239.100.10.144:5000,,[tcp @ 0x5585ef896b40] Connection to tcp://85.14.32.26:8800 failed: Connection timed out http://85.14.32.26:8800/udp/239.100.10.144:5000: Connection timed out
"like Gecko) Chrome/149.0.0.0 Safari/537.3"" group-title=""01 - TNT & GENERALISTES"",Gulli",OK-2X,playlist.m3u,http://99.27.51.147:8080/Gulli/index.m3u8,"audio
audio
video,720,576
audio

audio
audio
video,720,576
audio",
"like Gecko) Chrome/149.0.0.0 Safari/537.3"" group-title=""01 - TNT & GENERALISTES"",M6 (1080p)",OK-2X,playlist.m3u,http://99.27.51.147:8080/M6/index.m3u8,"audio
audio
video,1440,1080
audio

audio
audio
video,1440,1080
audio",
"like Gecko) Chrome/149.0.0.0 Safari/537.36"" group-title=""01 - TNT & GENERALISTES"",TF1 (576p)",FAIL-1,playlist.m3u,https://futbol9865.ultratv13.workers.dev/deportivo111/24.m3u8,,"https://futbol9865.ultratv13.workers.dev/deportivo111/24.m3u8: Server returned 4XX Client Error, but not one of 40{0,1,3,4}"
"like Gecko) Chrome/149.0.0.0 Safari/537.36"" group-title=""01 - TNT & GENERALISTES"",TMC (1080p)",OK-2X,playlist.m3u,http://151.80.18.177:86/TMC/index.m3u8,"video,1920,1080
audio

video,1920,1080
audio",
M6 Music (720p),FAIL-1,playlist.m3u,http://145.239.5.177/320/index.m3u8,,http://145.239.5.177/320/index.m3u8: Server returned 403 Forbidden (access denied)
TFX (720p),FAIL-1,playlist.m3u,http://145.239.5.177/315/index.m3u8,,http://145.239.5.177/315/index.m3u8: Server returned 403 Forbidden (access denied)
TVM 3 (1080p),FAIL-1,playlist.m3u,https://cache1a.netplus.ch/tok_eyJhbGciOiJIUzUxMiIsInR5cCI6IkpXVCJ9.eyJleHAiOiIxNzY4MTg5NzQyIiwic2lwIjoiIiwicGF0aCI6Ii9saXZlL2Vkcy90dm0zL2Jyb3dzZXItSExTOC8iLCJzZXNzaW9uX2Nkbl9pZCI6IjNhZmJlZTIxMmU1NjUyODEiLCJzZXNzaW9uX2lkIjoiIiwiY2xpZW50X2lkIjoiIiwiZGV2aWNlX2lkIjoiIiwibWF4X3Nlc3Npb25zIjowLCJzZXNzaW9uX2R1cmF0aW9uIjowLCJ1cmwiOiJodHRwczovLzEwLjAuMjI5LjE5Iiwic2Vzc2lvbl90aW1lb3V0IjowLCJhdWQiOiI1MyIsInNvdXJjZXMiOls0OF19.N29uj_Xo3YmdQUboW5e45wx4lUey-utXtC6RpbbCGgJ8uCl2ngejd8tu_S-3tv7s02OtkHo4Rkf7mitOx_7lcA==/live/eds/tvm3/browser-HLS8/tvm3.m3u8,,https://cache1a.netplus.ch/tok_eyJhbGciOiJIUzUxMiIsInR5cCI6IkpXVCJ9.eyJleHAiOiIxNzY4MTg5NzQyIiwic2lwIjoiIiwicGF0aCI6Ii9saXZlL2Vkcy90dm0zL2Jyb3dzZXItSExTOC8iLCJzZXNzaW9uX2Nkbl9pZCI6IjNhZmJlZTIxMmU1NjUyODEiLCJzZXNzaW9uX2lk
W9 (1080p),FAIL-1,playlist.m3u,https://origin-m6web.live.6cloud.fr/out/v1/6play/6play-w9/cmaf_q2hyb21h/hls-short-hd.m3u8,,https://origin-m6web.live.6cloud.fr/out/v1/6play/6play-w9/cmaf_q2hyb21h/hls-short-hd.m3u8: Server returned 403 Forbidden (access denied)
7 Info,OK-2X,playlist.m3u,https://video1.getstreamhosting.com:1936/8042/8042/playlist.m3u8,"data
video,1920,1080
audio

data
video,1920,1080
audio",
Africanews French (720p),OK-2X,playlist.m3u,https://cdn-euronews.akamaized.net/live/eds/africanews-fr/25050/index.m3u8,"video,428,240
audio

video,640,360
audio

video,854,480
audio

video,1024,576
audio

video,1280,720
audio

video,1280,720
audio

video,428,240
audio
video,640,360
audio
video,854,480
audio
video,1024,576
audio
video,1280",
AL24 News,FAIL-1,playlist.m3u,https://cdn.live.easybroadcast.io/abr_corp/66_al24_u4yga6h/corp/66_al24_u4yga6h_240p/chunks.m3u8,,https://cdn.live.easybroadcast.io/abr_corp/66_al24_u4yga6h/corp/66_al24_u4yga6h_240p/chunks.m3u8: Server returned 404 Not Found
BFM 2,OK-2X,playlist.m3u,https://jmp2.uk/stvp-FR1400003Y0,"video,1920,1080
audio

video,1280,720
audio

video,960,540
audio

video,640,360
audio

video,1920,1080
audio
video,1280,720
audio
video,960,540
audio
video,640,360
audio",
BFM Business,OK-2X,playlist.m3u,https://jmp2.uk/stvp-FRBD4100006OC,"video,1920,1080
audio

video,1280,720
audio

video,960,540
audio

video,640,360
audio

video,1920,1080
audio
video,1280,720
audio
video,960,540
audio
video,640,360
audio",
BFM TV,OK-2X,playlist.m3u,https://jmp2.uk/stvp-FRBD410000783,"video,1920,1080
audio

video,1280,720
audio

video,960,540
audio

video,640,360
audio

video,1920,1080
audio
video,1280,720
audio
video,960,540
audio
video,640,360
audio",
BFM2 (1080p),OK-2X,playlist.m3u,https://d1ib1gsg71oarf.cloudfront.net/v1/master/3722c60a815c199d9c0ef36c5b73da68a62b09d1/cc-scp7wda722jph/BFM2_FR.m3u8,"video,1920,1080
audio

video,1280,720
audio

video,960,540
audio

video,640,360
audio

video,1920,1080
audio
video,1280,720
audio
video,960,540
audio
video,640,360
audio",
CGTN French (1080p),OK-2X,playlist.m3u,http://145.239.5.177/214/index.m3u8,"video,1920,1080
audio

video,1920,1080
audio",
CNA (360p) [Not 24/7],FAIL-1,playlist.m3u,https://live.creacast.com/cna/stream/playlist.m3u8,,https://live.creacast.com/cna/stream/playlist.m3u8: Server returned 403 Forbidden (access denied)
CNews (1080p),OK-2X,playlist.m3u,https://raw.githubusercontent.com/Paradise-91/ParaTV/main/streams/canalplus/cnews-dm.m3u8,"video,848,480
audio

video,320,184
audio

video,512,288
audio

video,1280,720
audio

video,1920,1080
audio

video,848,480
audio
video,320,184
audio
video,512,288
audio
video,1280,720
audio
video,1920,1080
audio",
CNEWS PRIME (1080p),OK-2X,playlist.m3u,https://raw.githubusercontent.com/Paradise-91/ParaTV/main/streams/canalplus/cnews-prime-dm.m3u8,"video,848,480
audio

video,320,184
audio

video,512,288
audio

video,1280,720
audio

video,1920,1080
audio

video,848,480
audio
video,320,184
audio
video,512,288
audio
video,1280,720
audio
video,1920,1080
audio",
Diaspora 24 [Geo-blocked],OK-2X,playlist.m3u,https://vdo3.pro-fhi.net:3218/stream/play.m3u8,"video,1920,1080
audio

video,1920,1080
audio",
Euronews,OK-2X,playlist.m3u,https://epg.provider.plex.tv/library/parts/6430aa45fc3be5947780904e-60089d90f682a3002c348299/?X-Plex-Token=tKfzC4xTJkyw3e4K46d8,"video,428,240
audio

video,640,360
audio

video,854,480
audio

video,1024,576
audio

video,1280,720
audio

video,1280,720
audio

video,428,240
audio
video,640,360
audio
video,854,480
audio
video,1024,576
audio
video,1280",
Filinfo TV (1080p),OK-2X,playlist.m3u,https://d2iqjnqfr8pv3b.cloudfront.net/out/v1/d09d2fc718404cd8bccd3eba2444dd70/index.m3u8,"video,426,240
audio
data

video,640,360
audio
data

video,854,480
audio
data

video,1280,720
audio
data

video,1920,1080
audio
data

video,426,240
audio
data
video,640,360
audio
data
video,854,480
audio
data
video,1280,7",
Haiti News Channel (1080p) [Not 24/7],OK-2X,playlist.m3u,https://cdn.haititivi.com/website/haitinews/index.m3u8,"video,1280,720
audio

video,1280,720
audio",
HMI PROMZ NEWS (720p),OK-2X,playlist.m3u,https://video1.getstreamhosting.com:1936/8326/8326/playlist.m3u8,"data
video,1280,720
audio

data
video,1280,720
audio",
i24NEWS French (1080p),OK-2X,playlist.m3u,https://i24newsfrench-cdn.encoders.immergo.tv/master.m3u8,"video,640,360
audio

video,1280,720
audio

video,1920,1080
audio

video,640,360
audio
video,1280,720
audio
video,1920,1080
audio",
LCI HD (1080p),FAIL-1,playlist.m3u,http://145.239.5.177/368/index.m3u8,,http://145.239.5.177/368/index.m3u8: Server returned 403 Forbidden (access denied)
"like Gecko) Chrome/108.0.0.0 Safari/537.36"" group-title=""02 - INFOS"",BFM Alsace (1080p)",FAIL-1,playlist.m3u,https://ncdn-live-bfm.pfd.sfr.net/shls/LIVE$BFM_ALSACE/index.m3u8?end=END&start=LIVE,,https://ncdn-live-bfm.pfd.sfr.net/shls/LIVE$BFM_ALSACE/index.m3u8?end=END&start=LIVE: Server returned 403 Forbidden (access denied)
"like Gecko) Chrome/108.0.0.0 Safari/537.36"" group-title=""02 - INFOS"",BFM DICI Alpes du Sud (1080p)",FAIL-1,playlist.m3u,https://ncdn-live-bfm.pfd.sfr.net/shls/LIVE$BFM_DICI_ALPESDUSUD/index.m3u8?end=END&start=LIVE,,https://ncdn-live-bfm.pfd.sfr.net/shls/LIVE$BFM_DICI_ALPESDUSUD/index.m3u8?end=END&start=LIVE: Server returned 403 Forbidden (access denied)
"like Gecko) Chrome/108.0.0.0 Safari/537.36"" group-title=""02 - INFOS"",BFM DICI Haute-Provence (1080p)",FAIL-1,playlist.m3u,https://ncdn-live-bfm.pfd.sfr.net/shls/LIVE$BFM_DICI_HAUTEPROVENCE/index.m3u8?end=END&start=LIVE,,https://ncdn-live-bfm.pfd.sfr.net/shls/LIVE$BFM_DICI_HAUTEPROVENCE/index.m3u8?end=END&start=LIVE: Server returned 403 Forbidden (access denied)
"like Gecko) Chrome/108.0.0.0 Safari/537.36"" group-title=""02 - INFOS"",BFM Grand Lille (1080p)",FAIL-1,playlist.m3u,https://ncdn-live-bfm.pfd.sfr.net/shls/LIVE$BFMGRANDLILLE/index.m3u8?end=END&start=LIVE,,https://ncdn-live-bfm.pfd.sfr.net/shls/LIVE$BFMGRANDLILLE/index.m3u8?end=END&start=LIVE: Server returned 403 Forbidden (access denied)
"like Gecko) Chrome/108.0.0.0 Safari/537.36"" group-title=""02 - INFOS"",BFM Grand Littoral (1080p)",FAIL-1,playlist.m3u,https://ncdn-live-bfm.pfd.sfr.net/shls/LIVE$BFMGRANDLITTORAL/index.m3u8?end=END&start=LIVE,,https://ncdn-live-bfm.pfd.sfr.net/shls/LIVE$BFMGRANDLITTORAL/index.m3u8?end=END&start=LIVE: Server returned 403 Forbidden (access denied)
"like Gecko) Chrome/108.0.0.0 Safari/537.36"" group-title=""02 - INFOS"",BFM Lyon (1080p)",FAIL-1,playlist.m3u,https://ncdn-live-bfm.pfd.sfr.net/shls/LIVE$BFM_LYON/index.m3u8?end=END&start=LIVE,,https://ncdn-live-bfm.pfd.sfr.net/shls/LIVE$BFM_LYON/index.m3u8?end=END&start=LIVE: Server returned 403 Forbidden (access denied)
"like Gecko) Chrome/108.0.0.0 Safari/537.36"" group-title=""02 - INFOS"",BFM Marseille (1080p)",FAIL-1,playlist.m3u,https://ncdn-live-bfm.pfd.sfr.net/shls/LIVE$BFM_MARSEILLEPROV/index.m3u8?end=END&start=LIVE,,https://ncdn-live-bfm.pfd.sfr.net/shls/LIVE$BFM_MARSEILLEPROV/index.m3u8?end=END&start=LIVE: Server returned 403 Forbidden (access denied)
"like Gecko) Chrome/108.0.0.0 Safari/537.36"" group-title=""02 - INFOS"",BFM Nice Côte d'Azur (1080p)",FAIL-1,playlist.m3u,https://ncdn-live-bfm.pfd.sfr.net/shls/LIVE$BFM_NICECOTEDAZUR/index.m3u8?end=END&start=LIVE,,https://ncdn-live-bfm.pfd.sfr.net/shls/LIVE$BFM_NICECOTEDAZUR/index.m3u8?end=END&start=LIVE: Server returned 403 Forbidden (access denied)
"like Gecko) Chrome/108.0.0.0 Safari/537.36"" group-title=""02 - INFOS"",BFM Normandie (1080p)",FAIL-1,playlist.m3u,https://ncdn-live-bfm.pfd.sfr.net/shls/LIVE$BFM_NORMANDIE/index.m3u8?end=END&start=LIVE,,https://ncdn-live-bfm.pfd.sfr.net/shls/LIVE$BFM_NORMANDIE/index.m3u8?end=END&start=LIVE: Server returned 403 Forbidden (access denied)
"like Gecko) Chrome/108.0.0.0 Safari/537.36"" group-title=""02 - INFOS"",BFM Tech & Co (1080p)",FAIL-1,playlist.m3u,https://ncdn-live-bfm.pfd.sfr.net/shls/LIVE$BFM_TECHANDCO/index.m3u8?end=END&start=LIVE,,https://ncdn-live-bfm.pfd.sfr.net/shls/LIVE$BFM_TECHANDCO/index.m3u8?end=END&start=LIVE: Server returned 403 Forbidden (access denied)
"like Gecko) Chrome/108.0.0.0 Safari/537.36"" group-title=""02 - INFOS"",BFM Toulon Var (1080p)",FAIL-1,playlist.m3u,https://ncdn-live-bfm.pfd.sfr.net/shls/LIVE$BFM_TOULONVAR/index.m3u8?end=END&start=LIVE,,https://ncdn-live-bfm.pfd.sfr.net/shls/LIVE$BFM_TOULONVAR/index.m3u8?end=END&start=LIVE: Server returned 403 Forbidden (access denied)
Monaco Info (1080p),OK-2X,playlist.m3u,https://webtv.monacoinfo.com/live/prod/index.m3u8,"audio
video,1920,1080

audio
video,1920,1080",
NW Info FR (576p),FAIL-1,playlist.m3u,https://hls.newworldtv.com/nw-info/video/live.m3u8,,https://hls.newworldtv.com/nw-info/video/live.m3u8: Server returned 403 Forbidden (access denied)
Press TV French (1080p),OK-2X,playlist.m3u,https://live4.presstv.ir/live/smil:presstvfr.smil/playlist.m3u8,"data
video,1920,1080
audio

data
video,1920,1080
audio",
Trailers From Hell,OK-2X,playlist.m3u,https://epg.provider.plex.tv/library/parts/6430aa45fc3be5947780904e-61d738b5a7b7c7f703418514/?X-Plex-Token=tKfzC4xTJkyw3e4K46d8,"video,0,0
audio

video,384,216
audio

video,960,540
audio

video,0,0
audio

video,0,0
audio

video,0,0
audio
video,384,216
audio
video,960,540
audio
video,0,0
audio
video,0,0
audio",
Crime Beat TV,OK-2X,playlist.m3u,https://epg.provider.plex.tv/library/parts/6430aa45fc3be5947780904e-68c98e7460586565cc56baab/?X-Plex-Token=tKfzC4xTJkyw3e4K46d8,"video,1920,1080
audio
data
data

video,1280,720
audio
data
data

video,1024,576
audio
data
data

video,640,360
audio
data
data

video,384,216
audio
data
data

video,1920,1080
audio
data
data
video,1280,720
audio
data
dat",
Crime - Rakuten TV,OK-2X,playlist.m3u,https://jmp2.uk/stvp-FR2600009UG,"video,448,252
audio

video,768,432
audio

video,768,432
audio

video,1280,720
audio

video,1920,1080
audio

video,448,252
audio
video,768,432
audio
video,768,432
audio
video,1280,720
audio
video,1920,1080
audio",
Crime Scene TV,FAIL-1,playlist.m3u,https://epg.provider.plex.tv/library/parts/6430aa45fc3be5947780904e-685f150c593aba51f211823f/?X-Plex-Token=tKfzC4xTJkyw3e4K46d8,,https://epg.provider.plex.tv/library/parts/6430aa45fc3be5947780904e-685f150c593aba51f211823f/?X-Plex-Token=tKfzC4xTJkyw3e4K46d8: Server returned 404 Not Found
Crimes Enquêtes Faits Divers,OK-2X,playlist.m3u,https://jmp2.uk/stvp-FR600002ZR,"video,1280,720
audio
data
data

video,960,540
audio
data
data

video,854,480
audio
data
data

video,640,360
audio
data
data

video,1280,720
audio
data
data
video,960,540
audio
data
data
video,854,480
audio
data
data
vide",
Enquêtes Criminelles,OK-2X,playlist.m3u,https://jmp2.uk/plu-66f55d0b5e4a6e0008c2b920.m3u8,"audio
video,1216,684

audio
video,1216,684

audio
video,1216,684

audio
video,1216,684
audio
video,1216,684
audio
video,1216,684",
Enquêtes de Choc,OK-2X,playlist.m3u,https://jmp2.uk/plu-63921a1bf76e7d0007c998a6.m3u8,"audio
video,854,480

audio
video,854,480

audio
video,1280,720

audio
video,854,480
audio
video,854,480
audio
video,1280,720",
Enquêtes de Choc,OK-2X,playlist.m3u,https://jmp2.uk/stvp-FRBC90000220,"video,640,360
audio
data

video,848,480
audio
data

video,1280,720
audio
data

video,1920,1080
audio
data

video,640,360
audio
data
video,848,480
audio
data
video,1280,720
audio
data
video,1920,1080
audio
data",
IntoCrime,OK-2X,playlist.m3u,https://jmp2.uk/stvp-FR300032ZK,"video,640,360
audio

video,960,540
audio

video,1280,720
audio

video,1920,1080
audio

video,640,360
audio
video,960,540
audio
video,1280,720
audio
video,1920,1080
audio",
Investigation by Pluto TV,OK-2X,playlist.m3u,https://jmp2.uk/plu-6683cd2fca74680008772545.m3u8,"audio
video,854,480

audio
video,854,480

audio
video,1216,684

audio
video,854,480
audio
video,854,480
audio
video,1216,684",
Love Crime & History,OK-2X,playlist.m3u,https://jmp2.uk/stvp-FRBD43000016D,"video,640,360
audio
data

video,848,480
audio
data

video,1280,720
audio
data

video,1920,1080
audio
data

video,640,360
audio
data
video,848,480
audio
data
video,1280,720
audio
data
video,1920,1080
audio
data",
Mission Intervention,OK-2X,playlist.m3u,https://jmp2.uk/stvp-FR700002UP,"video,1280,720
audio
data
data

video,960,540
audio
data
data

video,854,480
audio
data
data

video,640,360
audio
data
data

video,1280,720
audio
data
data
video,960,540
audio
data
data
video,854,480
audio
data
data
vide",
Pluto TV Brigade Criminelle,OK-2X,playlist.m3u,https://jmp2.uk/plu-684bf01df7d8b74b625b7dd1.m3u8,"audio
video,854,480

audio
video,1024,576

audio
video,1216,684

audio
video,854,480
audio
video,1024,576
audio
video,1216,684",
RMC alerte secours,OK-2X,playlist.m3u,https://jmp2.uk/stvp-FR30000271,"video,1920,1080
audio

video,1280,720
audio

video,960,540
audio

video,640,360
audio

video,1920,1080
audio
video,1280,720
audio
video,960,540
audio
video,640,360
audio",
True Crime by Pluto TV,OK-2X,playlist.m3u,https://jmp2.uk/plu-5f914f4b36d67d0007a91a04.m3u8,"audio
video,854,480

audio
video,1024,576

audio
video,1216,684

audio
video,854,480
audio
video,1024,576
audio
video,1216,684",
Zylo Into Crime (1080p),OK-2X,playlist.m3u,https://amg00711-zylo-amg00711c10-rakuten-fr-6731.playouts.now.amagi.tv/playlist.m3u8,"video,1920,1080
audio

video,1280,720
audio

video,854,480
audio

video,640,360
audio

video,1920,1080
audio
video,1280,720
audio
video,854,480
audio
video,640,360
audio",
100% Docs Crime,OK-2X,playlist.m3u,https://jmp2.uk/stvp-FRBD39000064E,"video,854,480
audio
data
data

video,640,360
audio
data
data

video,1280,720
audio
data
data

video,1920,1080
audio
data
data

video,854,480
audio
data
data
video,640,360
audio
data
data
video,1280,720
audio
data
data
vi",
Afroculture TV,FAIL-1,playlist.m3u,https://streamtv.cmediahosthosting.net:3836/live/myafroculturelive.m3u8,,[tcp @ 0x556d83617c00] Connection to tcp://streamtv.cmediahosthosting.net:3836 failed: Connection refused https://streamtv.cmediahosthosting.net:3836/live/myafroculturelive.m3u8: Connection refused
BFM Grands Reportages,OK-2X,playlist.m3u,https://jmp2.uk/stvp-FR300004J5,"video,1920,1080
audio

video,1280,720
audio

video,960,540
audio

video,640,360
audio

video,1920,1080
audio
video,1280,720
audio
video,960,540
audio
video,640,360
audio",
Canal Savoir (360p),OK-2X,playlist.m3u,https://hls.savoir.media/live/stream.m3u8,"audio
video,640,360

audio
video,640,360",
Culture Pub,OK-2X,playlist.m3u,https://jmp2.uk/stvp-FRBD110000181,"audio
video,854,480

audio
video,640,360

audio
video,1920,1080

audio
video,1280,720

audio
video,854,480
audio
video,640,360
audio
video,1920,1080
audio
video,1280,720",
Destination Nature,OK-2X,playlist.m3u,https://jmp2.uk/stvp-FRBC4000001IO,"video,640,360
audio
data

video,848,480
audio
data

video,1280,720
audio
data

video,1920,1080
audio
data

video,640,360
audio
data
video,848,480
audio
data
video,1280,720
audio
data
video,1920,1080
audio
data",
Docs & enquêtes by Society+,OK-2X,playlist.m3u,https://jmp2.uk/stvp-FR15000010E,"video,1920,1080
audio

video,1280,720
audio

video,1024,576
audio

video,854,480
audio

video,640,360
audio

video,1920,1080
audio
video,1280,720
audio
video,1024,576
audio
video,854,480
audio
video,640,360
audio",
Documentary+,FAIL-1,playlist.m3u,https://epg.provider.plex.tv/library/parts/6430aa45fc3be5947780904e-614e286b2bac097ffd6fd6ab/?X-Plex-Token=tKfzC4xTJkyw3e4K46d8,,https://epg.provider.plex.tv/library/parts/6430aa45fc3be5947780904e-614e286b2bac097ffd6fd6ab/?X-Plex-Token=tKfzC4xTJkyw3e4K46d8: Server returned 404 Not Found
Evasion TV,FAIL-1,playlist.m3u,https://kali.vdopanel.com:3788/hybrid/play.m3u8,,[tcp @ 0x557b92716f40] Connection to tcp://kali.vdopanel.com:3788 failed: Connection refused https://kali.vdopanel.com:3788/hybrid/play.m3u8: Connection refused
Invitation au voyage,OK-2X,playlist.m3u,https://jmp2.uk/stvp-FR3700004HZ,"video,640,360
audio

video,960,540
audio

video,1280,720
audio

video,1920,1080
audio

video,640,360
audio
video,960,540
audio
video,1280,720
audio
video,1920,1080
audio",
J'irai dormir chez vous,OK-2X,playlist.m3u,https://jmp2.uk/stvp-FRBD4800001P4,"video,1920,1080
audio

video,1280,720
audio

video,960,540
audio

video,640,360
audio

video,1920,1080
audio
video,1280,720
audio
video,960,540
audio
video,640,360
audio",
Les secrets de nos régions,OK-2X,playlist.m3u,https://jmp2.uk/stvp-FRBD410000436,"audio
video,426,240

audio
video,640,360

audio
video,848,480

audio
video,1280,720

audio
video,1920,1080

audio
video,426,240
audio
video,640,360
audio
video,848,480
audio
video,1280,720
audio
video,1920,1080",
Nature Time France (1080p),OK-2X,playlist.m3u,https://bamusa-naturetime-emea-fra-rakuten.amagi.tv/playlist.m3u8,"video,640,360
audio

video,848,480
audio

video,1280,720
audio

video,1920,1080
audio

video,640,360
audio
video,848,480
audio
video,1280,720
audio
video,1920,1080
audio",
NatureTime,OK-2X,playlist.m3u,https://jmp2.uk/stvp-FRBB4900002D4,"video,640,360
audio

video,848,480
audio

video,1280,720
audio

video,1920,1080
audio

video,640,360
audio
video,848,480
audio
video,1280,720
audio
video,1920,1080
audio",
Pluto TV Animaux,OK-2X,playlist.m3u,https://jmp2.uk/plu-60925a44f0350600075a1fdc.m3u8,"video,854,480
audio

video,854,480
audio

video,1280,720
audio

video,854,480
audio
video,854,480
audio
video,1280,720
audio",
Pluto TV Histoire (720p),OK-2X,playlist.m3u,https://jmp2.uk/plu-611e771e2f5f180007002224.m3u8,"audio
video,854,480

audio
video,1024,576

audio
video,1216,684

audio
video,854,480
audio
video,1024,576
audio
video,1216,684",
Popular Science,FAIL-1,playlist.m3u,https://epg.provider.plex.tv/library/parts/6430aa45fc3be5947780904e-656fb850cb7e8e6a9bc3f36e/?X-Plex-Token=tKfzC4xTJkyw3e4K46d8,,
RMC Découverte,OK-2X,playlist.m3u,https://jmp2.uk/stvp-FRBD4100008QS,"video,1920,1080
audio

video,1280,720
audio

video,960,540
audio

video,640,360
audio

video,1920,1080
audio
video,1280,720
audio
video,960,540
audio
video,640,360
audio",
Stingray Naturescape,FAIL-1,playlist.m3u,https://epg.provider.plex.tv/library/parts/6430aa45fc3be5947780904e-62fbf36c1567211fdb82e920/?X-Plex-Token=tKfzC4xTJkyw3e4K46d8,,https://epg.provider.plex.tv/library/parts/6430aa45fc3be5947780904e-62fbf36c1567211fdb82e920/?X-Plex-Token=tKfzC4xTJkyw3e4K46d8: Server returned 404 Not Found
True History,OK-2X,playlist.m3u,https://epg.provider.plex.tv/library/parts/6430aa45fc3be5947780904e-614398a08f30fa61e0da7c97/?X-Plex-Token=tKfzC4xTJkyw3e4K46d8,"video,1280,720
audio
data

video,1024,576
audio
data

video,640,360
audio
data

video,384,216
audio
data

video,1280,720
audio
data
video,1024,576
audio
data
video,640,360
audio
data
video,384,216
audio
data",
TV5 Monde Voyage,OK-2X,playlist.m3u,https://jmp2.uk/stvp-FR1800004EP,"video,1280,720
audio
data

video,960,540
audio
data

video,854,480
audio
data

video,640,360
audio
data

video,1280,720
audio
data
video,960,540
audio
data
video,854,480
audio
data
video,640,360
audio
data",
TV5MONDE Voyage,FAIL-1,playlist.m3u,https://epg.provider.plex.tv/library/parts/6430aa45fc3be5947780904e-68b74a235dc5413c905efd62/?X-Plex-Token=tKfzC4xTJkyw3e4K46d8,,https://epg.provider.plex.tv/library/parts/6430aa45fc3be5947780904e-68b74a235dc5413c905efd62/?X-Plex-Token=tKfzC4xTJkyw3e4K46d8: Server returned 404 Not Found
Voyages & Saveurs,OK-2X,playlist.m3u,https://jmp2.uk/plu-680291e38e1ff89c2427aefd.m3u8,"audio
video,1216,684

audio
video,1216,684

audio
video,1216,684

audio
video,1216,684
audio
video,1216,684
audio
video,1216,684",
Voyages & Saveurs,OK-2X,playlist.m3u,https://jmp2.uk/stvp-FR3600005C7,"video,426,240
audio
data

video,640,360
audio
data

video,848,480
audio
data

video,1280,720
audio
data

video,1920,1080
audio
data

video,426,240
audio
data
video,640,360
audio
data
video,848,480
audio
data
video,1280,7",
WildEarth,OK-2X,playlist.m3u,https://epg.provider.plex.tv/library/parts/6430aa45fc3be5947780904e-60d4edddb2fdec002c141135/?X-Plex-Token=tKfzC4xTJkyw3e4K46d8,"video,768,432
audio

video,1280,720
audio

video,1920,1080
audio




video,768,432
audio
video,1280,720
audio
video,1920,1080
audio",
Cap Terre,OK-2X,playlist.m3u,https://jmp2.uk/stvp-FRBC3900004DS,"video,640,360
audio
data

video,848,480
audio
data

video,1280,720
audio
data

video,1920,1080
audio
data

video,640,360
audio
data
video,848,480
audio
data
video,1280,720
audio
data
video,1920,1080
audio
data",
Ici Radio-Canada Télé Terre-Neuve-et-Labrador (CBAFT-DT) [Geo-blocked],FAIL-1,playlist.m3u,https://rcavlive.akamaized.net/hls/live/704014/cancbaft/master.m3u8,,https://rcavlive.akamaized.net/hls/live/704014/cancbaft/master.m3u8: Server returned 403 Forbidden (access denied)
Nature Time,FAIL-1,playlist.m3u,https://epg.provider.plex.tv/library/parts/6430aa45fc3be5947780904e-6827c34ca5c6e573c6904444/?X-Plex-Token=tKfzC4xTJkyw3e4K46d8,,https://epg.provider.plex.tv/library/parts/6430aa45fc3be5947780904e-6827c34ca5c6e573c6904444/?X-Plex-Token=tKfzC4xTJkyw3e4K46d8: Server returned 404 Not Found
Radio TV Basse-Terre (720p),OK-2X,playlist.m3u,https://vdo.ssl-stream.com:3412/stream/play.m3u8,"video,640,360
audio

video,640,360
audio",
Trace Urban Caribbean and Indian Ocean (1080p),OK-2X,playlist.m3u,https://channels.trace.plus/Traceprod/URBAN_DOM_hd/index.m3u8,"video,1280,720
audio

video,1280,720
audio",
2M Monde +1 (1080p),OK-2X,playlist.m3u,https://d2qh3gh0k5vp3v.cloudfront.net/v1/master/3722c60a815c199d9c0ef36c5b73da68a62b09d1/cc-n6pess5lwbghr/2M_ES.m3u8,"video,1920,1080
audio

video,1280,720
audio

video,960,540
audio

video,640,360
audio

video,1920,1080
audio
video,1280,720
audio
video,960,540
audio
video,640,360
audio",
Le Monde en 24h,OK-2X,playlist.m3u,https://stream.berosat.live/hls/monde24h-tv-index/monde24h-tv-index.m3u8,"video,1280,720
audio

video,1280,720
audio",
MDL (720p),OK-2X,playlist.m3u,http://tv.mondeduloisir.fr:1935/tixtv/smil:web.smil/playlist.m3u8,"data
video,426,240
audio

data
video,640,360
audio

data
video,960,540
audio

data
video,1280,720
audio

data
video,426,240
audio
data
video,640,360
audio
data
video,960,540
audio
data
video,1280,720
audio",
TiVi5 Monde [Geo-blocked],FAIL-1,playlist.m3u,https://ott.tv5monde.com/Content/HLS/Live/channel(tivi5)/variant.m3u8,,https://ott.tv5monde.com/Content/HLS/Live/channel(tivi5)/variant.m3u8: Server returned 403 Forbidden (access denied)
TV5Monde Africa (720p),OK-2X,playlist.m3u,http://5.9.121.178/tv5monde/index.m3u8,"audio
video,426,240

audio
video,640,360

audio
video,854,480

audio
video,1280,720

audio
video,426,240
audio
video,640,360
audio
video,854,480
audio
video,1280,720",
TV5Monde Asia (1080p),FAIL-1,playlist.m3u,http://54.37.19.157/TV5MONDE/index.m3u8,,http://54.37.19.157/TV5MONDE/index.m3u8: Invalid data found when processing input
TV5Monde Europe (1080p),OK-2X,playlist.m3u,http://5.180.164.197:8080/TV5MONDE/index.m3u8,"audio
video,1920,1080

audio
video,1920,1080",
TV5Monde Info (1080p) [Geo-blocked],FAIL-1,playlist.m3u,https://ott.tv5monde.com/Content/HLS/Live/channel(info)/variant.m3u8,,https://ott.tv5monde.com/Content/HLS/Live/channel(info)/variant.m3u8: Server returned 403 Forbidden (access denied)
TV5Monde Latin America (720p),FAIL-1,playlist.m3u,http://45.162.231.38:7779/TV5_Monde/index.m3u8,,http://45.162.231.38:7779/TV5_Monde/index.m3u8: Server returned 404 Not Found
TV5Monde Pacifique (1080p) [Geo-blocked],FAIL-1,playlist.m3u,https://ott.tv5monde.com/Content/HLS/Live/channel(pacifique)/variant.m3u8,,https://ott.tv5monde.com/Content/HLS/Live/channel(pacifique)/variant.m3u8: Server returned 403 Forbidden (access denied)
TV5Monde Style (1080p) [Geo-blocked],OK-2X,playlist.m3u,https://ott.tv5monde.com/Content/HLS/Live/channel(style1)/variant.m3u8,"audio
video,480,270

audio
video,384,216

audio
video,640,360

audio
video,960,540

audio
video,1280,720

audio
video,1920,1080

audio
video,480,270
video,384,216
video,640,360
video,960,540
video,1280,720
video,1920,108",
Ça Chauffe en Cuisine,OK-2X,playlist.m3u,https://jmp2.uk/stvp-FR34000032F,"audio
video,426,240

audio
video,640,360

audio
video,848,480

audio
video,1280,720

audio
video,1920,1080

audio
video,426,240
audio
video,640,360
audio
video,848,480
audio
video,1280,720
audio
video,1920,1080",
Cooking Panda,FAIL-1,playlist.m3u,https://epg.provider.plex.tv/library/parts/6430aa45fc3be5947780904e-5f07e9fdf313eb0041bbecda/?X-Plex-Token=tKfzC4xTJkyw3e4K46d8,,https://epg.provider.plex.tv/library/parts/6430aa45fc3be5947780904e-5f07e9fdf313eb0041bbecda/?X-Plex-Token=tKfzC4xTJkyw3e4K46d8: Server returned 404 Not Found
NEW KFOOD,FAIL-2,playlist.m3u,https://epg.provider.plex.tv/library/parts/6430aa45fc3be5947780904e-68b9f5a3d60e5dd29263c7ac/?X-Plex-Token=tKfzC4xTJkyw3e4K46d8,,
Pluto TV Cuisine,OK-2X,playlist.m3u,https://jmp2.uk/stvp-FRBA3300044VR,"audio
video,854,480

audio
video,1024,576

audio
video,1216,684

audio
video,854,480
audio
video,1024,576
audio
video,1216,684",
TV5 MONDE+ Chefs,OK-2X,playlist.m3u,https://jmp2.uk/stvp-FR1300003HM,"video,1920,1080
audio
data
data

video,1280,720
audio
data
data

video,960,540
audio
data
data

video,854,480
audio
data
data

video,640,360
audio
data
data

video,1920,1080
audio
data
data
video,1280,720
audio
data
data",
TV5MONDE Chefs,FAIL-1,playlist.m3u,https://epg.provider.plex.tv/library/parts/6430aa45fc3be5947780904e-68b74890b5b437bf872b6b72/?X-Plex-Token=tKfzC4xTJkyw3e4K46d8,,https://epg.provider.plex.tv/library/parts/6430aa45fc3be5947780904e-68b74890b5b437bf872b6b72/?X-Plex-Token=tKfzC4xTJkyw3e4K46d8: Server returned 404 Not Found
TV5MONDE Chefs (1080p),OK-2X,playlist.m3u,https://tvf-tv5ch.otteravision.com/tvf/tv5ch/tv5ch.m3u8,"video,1920,1080
audio
data
data

video,1280,720
audio
data
data

video,960,540
audio
data
data

video,854,480
audio
data
data

video,640,360
audio
data
data

video,1920,1080
audio
data
data
video,1280,720
audio
data
data",
123GO!,FAIL-1,playlist.m3u,https://epg.provider.plex.tv/library/parts/6430aa45fc3be5947780904e-63eecb32ac23d1ee072087cb/?X-Plex-Token=tKfzC4xTJkyw3e4K46d8,,
5-Minute Crafts,FAIL-1,playlist.m3u,https://epg.provider.plex.tv/library/parts/6430aa45fc3be5947780904e-63894c1965b848bf2c8a7800/?X-Plex-Token=tKfzC4xTJkyw3e4K46d8,,
CraftsyTV,FAIL-1,playlist.m3u,https://epg.provider.plex.tv/library/parts/6430aa45fc3be5947780904e-6365779dde08f8eec6c3f21f/?X-Plex-Token=tKfzC4xTJkyw3e4K46d8,,
Creator Television,FAIL-1,playlist.m3u,https://epg.provider.plex.tv/library/parts/6430aa45fc3be5947780904e-67884bd6d37f2fd48d6220db/?X-Plex-Token=tKfzC4xTJkyw3e4K46d8,,
La maison France 5,OK-2X,playlist.m3u,https://jmp2.uk/plu-685a999bd33909bdd7d2fb1e.m3u8,"audio
video,854,480
data

audio
video,1024,576
data

audio
video,1280,720
data

audio
video,854,480
data
audio
video,1024,576
data
audio
video,1280,720
data",
Million Dollar Dream Home,FAIL-1,playlist.m3u,https://epg.provider.plex.tv/library/parts/6430aa45fc3be5947780904e-684c2379e32026b0c1f53793/?X-Plex-Token=tKfzC4xTJkyw3e4K46d8,,
100% Cinema,OK-2X,playlist.m3u,https://jmp2.uk/stvp-FR13000020W,"video,1920,1080
audio
data
data

video,640,360
audio
data
data

video,854,480
audio
data
data

video,1280,720
audio
data
data

video,1920,1080
audio
data
data
video,640,360
audio
data
data
video,854,480
audio
data
data
v",
100% Comedy,OK-2X,playlist.m3u,https://jmp2.uk/stvp-FR3600003DS,"audio
video,426,240

audio
video,640,360

audio
video,848,480

audio
video,1280,720

audio
video,1920,1080

audio
video,426,240
audio
video,640,360
audio
video,848,480
audio
video,1280,720
audio
video,1920,1080",
Action Club,OK-2X,playlist.m3u,https://jmp2.uk/stvp-FRBD2300001UQ,"audio
video,426,240

audio
video,640,360

audio
video,848,480

audio
video,1280,720

audio
video,1920,1080

audio
video,426,240
audio
video,640,360
audio
video,848,480
audio
video,1280,720
audio
video,1920,1080",
Action Hollywood Movies,FAIL-1,playlist.m3u,https://epg.provider.plex.tv/library/parts/6430aa45fc3be5947780904e-66be944f8711311880995280/?X-Plex-Token=tKfzC4xTJkyw3e4K46d8,,
Action Totale,OK-2X,playlist.m3u,https://jmp2.uk/stvp-FR220000105,"video,1920,1080
audio

video,1280,720
audio

video,854,480
audio

video,640,360
audio

video,426,240
audio

video,1920,1080
audio
video,1280,720
audio
video,854,480
audio
video,640,360
audio
video,426,240
audio",
Allociné,OK-2X,playlist.m3u,https://jmp2.uk/plu-6618e3037bcd8600089b62a8.m3u8,"audio
video,1216,684

audio
video,1216,684

audio
video,1216,684

audio
video,1216,684
audio
video,1216,684
audio
video,1216,684",
Allociné,OK-2X,playlist.m3u,https://jmp2.uk/stvp-FRBD3900001QP,"video,1280,720
audio
data
data

video,960,540
audio
data
data

video,854,480
audio
data
data

video,640,360
audio
data
data

video,1920,1080
audio
data
data

video,1280,720
audio
data
data
video,960,540
audio
data
data
v",
Box Office Action,FAIL-1,playlist.m3u,https://jmp2.uk/stvp-FR370000288,,[hls @ 0x55907dd3d940] Error when loading first segment 'https://d66m6snd9dv1e.cloudfront.net/boact_720/00015/boact_720_08666.ts' https://jmp2.uk/stvp-FR370000288: Invalid data found when processing input
Box Office Thriller,OK-2X,playlist.m3u,https://jmp2.uk/stvp-FR3700001AG,"video,1280,720
audio
data
data

video,960,540
audio
data
data

video,854,480
audio
data
data

video,640,360
audio
data
data

video,1280,720
audio
data
data
video,960,540
audio
data
data
video,854,480
audio
data
data
vide",
Brefcinema,OK-2X,playlist.m3u,https://jmp2.uk/stvp-FRBA1000009KO,"video,640,360
audio

video,960,540
audio

video,1280,720
audio

video,640,360
audio
video,960,540
audio
video,1280,720
audio",
Canal+ Cinemas (720p),OK-2X,playlist.m3u,http://151.80.18.177:86/Canal+_cinema_HD/index.m3u8,"video,1280,720
audio

video,1280,720
audio",
Ciné 666 by Pluto TV,OK-2X,playlist.m3u,https://jmp2.uk/plu-6823648580b2665220d9e69a.m3u8,"audio
video,854,480

audio
video,1024,576

audio
video,1216,684

audio
video,854,480
audio
video,1024,576
audio
video,1216,684",
Ciné Action by Pluto TV,OK-2X,playlist.m3u,https://jmp2.uk/plu-5f8ed1ff5c39700007e2204a.m3u8,"video,854,480
audio

video,854,480
audio

video,1280,720
audio

video,854,480
audio
video,854,480
audio
video,1280,720
audio",
Ciné by Pluto TV,OK-2X,playlist.m3u,https://jmp2.uk/plu-5f8ed0f17564a300082b676a.m3u8,"audio
video,854,480

audio
video,854,480

audio
video,1216,684

audio
video,854,480
audio
video,854,480
audio
video,1216,684",
Ciné Catastrophe by Pluto TV,OK-2X,playlist.m3u,https://jmp2.uk/plu-65a69ef53af63d000825e0ee.m3u8,"audio
video,854,480

audio
video,1024,576

audio
video,1216,684

audio
video,854,480
audio
video,1024,576
audio
video,1216,684",
Ciné Charme by Pluto TV,FAIL-1,playlist.m3u,https://jmp2.uk/plu-6a31608fac88749b9cb85dd8.m3u8,,https://jmp2.uk/plu-6a31608fac88749b9cb85dd8.m3u8: Server returned 404 Not Found
Ciné d'Asie by Pluto TV,OK-2X,playlist.m3u,https://jmp2.uk/plu-62f3e2d000418d00070f7dbc.m3u8,"audio
video,854,480

audio
video,1024,576

audio
video,1216,684

audio
video,854,480
audio
video,1024,576
audio
video,1216,684",
Cine+ Emotion (720p),FAIL-1,playlist.m3u,http://145.239.5.177/337/index.m3u8,,http://145.239.5.177/337/index.m3u8: Server returned 403 Forbidden (access denied)
Ciné Horreur by Pluto TV,OK-2X,playlist.m3u,https://jmp2.uk/plu-66e1978babec540008ce41ac.m3u8,"audio
video,854,480

audio
video,1024,576

audio
video,1216,684

audio
video,854,480
audio
video,1024,576
audio
video,1216,684",
Ciné Nanar,OK-2X,playlist.m3u,https://jmp2.uk/stvp-FRBB39000020C,"video,640,360
audio

video,960,540
audio

video,1280,720
audio

video,1920,1080
audio

video,640,360
audio
video,960,540
audio
video,1280,720
audio
video,1920,1080
audio",
Ciné Rétro by Pluto TV,OK-2X,playlist.m3u,https://jmp2.uk/plu-5f8ed168f72fcd0007e56269.m3u8,"audio
video,854,480

audio
video,1024,576

audio
video,1216,684

audio
video,854,480
audio
video,1024,576
audio
video,1216,684",
Ciné Romance by Pluto TV,OK-2X,playlist.m3u,https://jmp2.uk/plu-60812fc8539963000707d1e1.m3u8,"video,854,480
audio

video,854,480
audio

video,1280,720
audio

video,854,480
audio
video,854,480
audio
video,1280,720
audio",
Ciné Sci-Fi by Pluto TV,OK-2X,playlist.m3u,https://jmp2.uk/plu-60c34592c911890007f29a73.m3u8,"audio
video,854,480

audio
video,854,480

audio
video,1216,684

audio
video,854,480
audio
video,854,480
audio
video,1216,684",
Ciné Thrillers by Pluto TV,OK-2X,playlist.m3u,https://jmp2.uk/plu-60c3472a51a2050008dad272.m3u8,"video,854,480
audio

video,854,480
audio

video,1280,720
audio

video,854,480
audio
video,854,480
audio
video,1280,720
audio",
Ciné Western,OK-2X,playlist.m3u,https://jmp2.uk/stvp-FRBD19000095S,"video,640,360
audio

video,960,540
audio

video,1280,720
audio

video,1920,1080
audio

video,640,360
audio
video,960,540
audio
video,1280,720
audio
video,1920,1080
audio",
Ciné Western by Pluto TV,OK-2X,playlist.m3u,https://jmp2.uk/plu-65cca3e2ec452d0008af3a65.m3u8,"audio
video,854,480

audio
video,1024,576

audio
video,1216,684

audio
video,854,480
audio
video,1024,576
audio
video,1216,684",
CINEPRIDE,FAIL-1,playlist.m3u,https://epg.provider.plex.tv/library/parts/6430aa45fc3be5947780904e-62167144ab2095ca85353ad6/?X-Plex-Token=tKfzC4xTJkyw3e4K46d8,,https://epg.provider.plex.tv/library/parts/6430aa45fc3be5947780904e-62167144ab2095ca85353ad6/?X-Plex-Token=tKfzC4xTJkyw3e4K46d8: Server returned 404 Not Found
Comédies - Rakuten TV,OK-2X,playlist.m3u,https://jmp2.uk/stvp-FR26000068C,"video,448,252
audio

video,768,432
audio

video,768,432
audio

video,1280,720
audio

video,1920,1080
audio

video,448,252
audio
video,768,432
audio
video,768,432
audio
video,1280,720
audio
video,1920,1080
audio",
Death Valley Days,FAIL-1,playlist.m3u,https://epg.provider.plex.tv/library/parts/6430aa45fc3be5947780904e-6674b68af04cf4bb9233c916/?X-Plex-Token=tKfzC4xTJkyw3e4K46d8,,
Dick Van Dyke,FAIL-1,playlist.m3u,https://epg.provider.plex.tv/library/parts/6430aa45fc3be5947780904e-6449369eb3ff17382cae5801/?X-Plex-Token=tKfzC4xTJkyw3e4K46d8,,
FilmRise Série Populaire,FAIL-1,playlist.m3u,https://epg.provider.plex.tv/library/parts/6430aa45fc3be5947780904e-65e9d0ad8fe4ef7053c3c870/?X-Plex-Token=tKfzC4xTJkyw3e4K46d8,,https://epg.provider.plex.tv/library/parts/6430aa45fc3be5947780904e-65e9d0ad8fe4ef7053c3c870/?X-Plex-Token=tKfzC4xTJkyw3e4K46d8: Server returned 404 Not Found
Films d'action - Rakuten TV,OK-2X,playlist.m3u,https://jmp2.uk/stvp-FR2600002X9,"video,448,252
audio

video,768,432
audio

video,768,432
audio

video,1280,720
audio

video,1920,1080
audio

video,448,252
audio
video,768,432
audio
video,768,432
audio
video,1280,720
audio
video,1920,1080
audio",
Films Romantiques - Rakuten TV,OK-2X,playlist.m3u,https://jmp2.uk/stvp-FR2600003OZ,"video,448,252
audio

video,768,432
audio

video,768,432
audio

video,1280,720
audio

video,1920,1080
audio

video,448,252
audio
video,768,432
audio
video,768,432
audio
video,1280,720
audio
video,1920,1080
audio",
Grjngo - Films De Western,OK-2X,playlist.m3u,https://jmp2.uk/stvp-FR900003DP,"video,1280,720
audio

video,768,432
audio

video,640,360
audio

video,320,180
audio

video,1280,720
audio
video,768,432
audio
video,640,360
audio
video,320,180
audio",
Grjngo - Western Movies,FAIL-1,playlist.m3u,https://epg.provider.plex.tv/library/parts/6430aa45fc3be5947780904e-63489a771159f6a5ce819b7b/?X-Plex-Token=tKfzC4xTJkyw3e4K46d8,,
Hot Ones,FAIL-1,playlist.m3u,https://epg.provider.plex.tv/library/parts/6430aa45fc3be5947780904e-6582a1316b91be4547aa153c/?X-Plex-Token=tKfzC4xTJkyw3e4K46d8,,
"like Gecko) Chrome/149.0.0.0 Safari/537.3"" group-title=""09 - CINEMA"",Cine+ Classic",OK-2X,playlist.m3u,http://99.27.51.147/CineClassic/index.m3u8,"audio
audio
video,720,576
audio

audio
audio
video,720,576
audio",
"like Gecko) Chrome/149.0.0.0 Safari/537.3"" group-title=""09 - CINEMA"",Cine+ Frisson (1080p)",OK-2X,playlist.m3u,http://99.27.51.147:8080/CineFrisson/index.m3u8,"audio
audio
video,1440,1080
audio

audio
audio
video,1440,1080
audio",
Maverick Black Cinema,FAIL-1,playlist.m3u,https://epg.provider.plex.tv/library/parts/6430aa45fc3be5947780904e-5ef4e1b40d9ad000423c4430/?X-Plex-Token=tKfzC4xTJkyw3e4K46d8,,
Movie Music by Stingray,FAIL-1,playlist.m3u,https://epg.provider.plex.tv/library/parts/6430aa45fc3be5947780904e-62fbf197c67d52bddf74cc87/?X-Plex-Token=tKfzC4xTJkyw3e4K46d8,,
Moviesphere,FAIL-1,playlist.m3u,https://jmp2.uk/stvp-FR42000023H,,https://jmp2.uk/stvp-FR42000023H: Server returned 403 Forbidden (access denied)
MOVIESPHERE,FAIL-1,playlist.m3u,https://epg.provider.plex.tv/library/parts/6430aa45fc3be5947780904e-695d5c1d6e5de3b17595a267/?X-Plex-Token=tKfzC4xTJkyw3e4K46d8,,https://epg.provider.plex.tv/library/parts/6430aa45fc3be5947780904e-695d5c1d6e5de3b17595a267/?X-Plex-Token=tKfzC4xTJkyw3e4K46d8: Server returned 404 Not Found
MyTime Movie Network,OK-2X,playlist.m3u,https://jmp2.uk/stvp-FRBA2200010VN,"video,640,360
audio
data

video,848,480
audio
data

video,1280,720
audio
data

video,1920,1080
audio
data

video,640,360
audio
data
video,848,480
audio
data
video,1280,720
audio
data
video,1920,1080
audio
data",
Pluto TV Ciné,OK-2X,playlist.m3u,https://jmp2.uk/stvp-FRAJ3800002W5,"audio
video,854,480

audio
video,854,480

audio
video,1216,684

audio
video,854,480
audio
video,854,480
audio
video,1216,684",
Pluto TV Comédie,OK-2X,playlist.m3u,https://jmp2.uk/plu-5f8eb91bb9b9e7000817e67f.m3u8,"audio
video,854,480

audio
video,854,480

audio
video,1280,720

audio
video,854,480
audio
video,854,480
audio
video,1280,720",
Pluto TV Comédies Cultes,OK-2X,playlist.m3u,https://jmp2.uk/plu-67b4b2d976a934282e92d71c.m3u8,"audio
video,854,480

audio
video,1024,576

audio
video,1216,684

audio
video,854,480
audio
video,1024,576
audio
video,1216,684",
Sony One Action HITS,FAIL-1,playlist.m3u,https://jmp2.uk/stvp-FR3000139Z,,"[hls @ 0x55e13bba0940] Filename extension of 'data:text/plain;base64,AAAAV3Bzc2gAAAAA7e+LqXnWSs6jyCfc1R0h7QAAADcSEIhfZE1Q00Q6qgH3VrUJ8ZwaC2J1eWRybWtleW9zIhCIX2RNUNNEOqoB91a1CfGcSOPclZsG' is not a common multimedia extens"
Sony One Hits Action (1080p),OK-2X,playlist.m3u,https://5098a8b860504a3690fd2e7c0a18d68f.mediatailor.us-west-2.amazonaws.com/v1/master/ba62fe743df0fe93366eba3a257d792884136c7f/LINEAR-817-FR-SONYONEHITSACTION-LG_FR/playlist.m3u8,"video,1920,1080
audio
data
data

video,1280,720
audio
data
data

video,1024,576
audio
data
data

video,640,360
audio
data
data

video,384,216
audio
data
data

video,1920,1080
audio
data
data
video,1280,720
audio
data
dat",
Sony One | Hits Action,FAIL-1,playlist.m3u,https://epg.provider.plex.tv/library/parts/6430aa45fc3be5947780904e-692227f850fe592fd6d5b7e0/?X-Plex-Token=tKfzC4xTJkyw3e4K46d8,,https://epg.provider.plex.tv/library/parts/6430aa45fc3be5947780904e-692227f850fe592fd6d5b7e0/?X-Plex-Token=tKfzC4xTJkyw3e4K46d8: Server returned 404 Not Found
Sony One HITS Comédie,FAIL-1,playlist.m3u,https://jmp2.uk/stvp-FR300009JQ,,"[hls @ 0x557c5bec6940] Filename extension of 'data:text/plain;base64,AAAAV3Bzc2gAAAAA7e+LqXnWSs6jyCfc1R0h7QAAADcSEA/wOMGr6E9UkDkq2gPZLz0aC2J1eWRybWtleW9zIhAP8DjBq+hPVJA5KtoD2S89SOPclZsG' is not a common multimedia extens"
Sony One Hits Comedie (1080p),OK-2X,playlist.m3u,https://7aa9671895264ec9a384dfed1b992171.mediatailor.us-west-2.amazonaws.com/v1/master/ba62fe743df0fe93366eba3a257d792884136c7f/LINEAR-818-FR-SONYONEHITSCOMDIE-LG_FR/playlist.m3u8,"video,1920,1080
audio
data
data

video,1280,720
audio
data
data

video,1024,576
audio
data
data

video,640,360
audio
data
data

video,384,216
audio
data
data

video,1920,1080
audio
data
data
video,1280,720
audio
data
dat",
Sony One | Hits Comédie,FAIL-1,playlist.m3u,https://epg.provider.plex.tv/library/parts/6430aa45fc3be5947780904e-692228985cbe620c1f9b6bb9/?X-Plex-Token=tKfzC4xTJkyw3e4K46d8,,https://epg.provider.plex.tv/library/parts/6430aa45fc3be5947780904e-692228985cbe620c1f9b6bb9/?X-Plex-Token=tKfzC4xTJkyw3e4K46d8: Server returned 404 Not Found
Sony One | Séries Comédie,FAIL-1,playlist.m3u,https://epg.provider.plex.tv/library/parts/6430aa45fc3be5947780904e-6922294e5cbe620c1f9b6bbb/?X-Plex-Token=tKfzC4xTJkyw3e4K46d8,,https://epg.provider.plex.tv/library/parts/6430aa45fc3be5947780904e-6922294e5cbe620c1f9b6bbb/?X-Plex-Token=tKfzC4xTJkyw3e4K46d8: Server returned 404 Not Found
Sony One | Séries Thriller,FAIL-1,playlist.m3u,https://epg.provider.plex.tv/library/parts/6430aa45fc3be5947780904e-69222b5c5cbe620c1f9b6bbd/?X-Plex-Token=tKfzC4xTJkyw3e4K46d8,,https://epg.provider.plex.tv/library/parts/6430aa45fc3be5947780904e-69222b5c5cbe620c1f9b6bbd/?X-Plex-Token=tKfzC4xTJkyw3e4K46d8: Server returned 404 Not Found
Surf Cinema,FAIL-1,playlist.m3u,https://epg.provider.plex.tv/library/parts/6430aa45fc3be5947780904e-656fbbd6dbcce28c3a41741b/?X-Plex-Token=tKfzC4xTJkyw3e4K46d8,,
The Wiggles,FAIL-1,playlist.m3u,https://epg.provider.plex.tv/library/parts/6430aa45fc3be5947780904e-68e0371d8bbd79d66c631ab2/?X-Plex-Token=tKfzC4xTJkyw3e4K46d8,,
Top Action,OK-2X,playlist.m3u,https://jmp2.uk/stvp-FR1200001N2,"video,640,360
audio
data

video,848,480
audio
data

video,1280,720
audio
data

video,1920,1080
audio
data

video,640,360
audio
data
video,848,480
audio
data
video,1280,720
audio
data
video,1920,1080
audio
data",
Top Films - Rakuten TV,OK-2X,playlist.m3u,https://jmp2.uk/stvp-FR2600007CB,"video,448,252
audio

video,768,432
audio

video,768,432
audio

video,1280,720
audio

video,1920,1080
audio

video,448,252
audio
video,768,432
audio
video,768,432
audio
video,1280,720
audio
video,1920,1080
audio",
Un Si Grand Soleil,OK-2X,playlist.m3u,https://jmp2.uk/plu-6683cd0f63a5f20008fb84a3.m3u8,"audio
video,854,480

audio
video,1024,576

audio
video,1216,684

audio
video,854,480
audio
video,1024,576
audio
video,1216,684",
Zylo Ciné Nanar (1080p),OK-2X,playlist.m3u,https://zylo-cinenanar-rakuten.amagi.tv/playlist.m3u8,"video,1920,1080
audio

video,1280,720
audio

video,854,480
audio

video,640,360
audio

video,426,240
audio

video,1920,1080
audio
video,1280,720
audio
video,854,480
audio
video,640,360
audio
video,426,240
audio",
Zylo Ciné Western (1080p),OK-2X,playlist.m3u,https://amg00711-zylo-amg00711c8-rakuten-uk-2686.playouts.now.amagi.tv/playlist/amg00711-zylofast-cinewestern-rakutenuk/playlist.m3u8,"video,640,360
audio

video,960,540
audio

video,1280,720
audio

video,1920,1080
audio

video,640,360
audio
video,960,540
audio
video,1280,720
audio
video,1920,1080
audio",
AB1 (720p),FAIL-1,playlist.m3u,http://145.239.5.177/332/index.m3u8,,http://145.239.5.177/332/index.m3u8: Server returned 403 Forbidden (access denied)
"like Gecko) Chrome/149.0.0.0 Safari/537.3"" group-title=""09 - CINEMA & SERIES"",Syfy",OK-2X,playlist.m3u,http://99.27.51.147:8080/SYFY/index.m3u8,"audio
video,720,576
audio

audio
video,720,576
audio",
Nollywood TV (720p),FAIL-1,playlist.m3u,http://145.239.5.177/148/index.m3u8,,http://145.239.5.177/148/index.m3u8: Server returned 403 Forbidden (access denied)
Novela Channel (720p) [Not 24/7],FAIL-1,playlist.m3u,https://video1.getstreamhosting.com:1936/8284/8284/playlist.m3u8,,https://video1.getstreamhosting.com:1936/8284/8284/playlist.m3u8: Server returned 404 Not Found
RTL9 (720p),FAIL-1,playlist.m3u,http://145.239.5.177/308/index.m3u8,,http://145.239.5.177/308/index.m3u8: Server returned 403 Forbidden (access denied)
SciFi (720p),OK-2X,playlist.m3u,http://41.205.93.154/SYFY/index.m3u8,"video,1280,720
audio

video,1280,720
audio",
Sony One Blacklist (1080p),OK-2X,playlist.m3u,https://06cb85ad6ccb4a6b97f561e62d16ad3f.mediatailor.us-west-2.amazonaws.com/v1/master/ba62fe743df0fe93366eba3a257d792884136c7f/LINEAR-822-FR-SONYONETHEBLACKLIST-LG_FR/playlist.m3u8,"video,1920,1080
audio
data
data

video,1280,720
audio
data
data

video,1024,576
audio
data
data

video,640,360
audio
data
data

video,384,216
audio
data
data

video,1920,1080
audio
data
data
video,1280,720
audio
data
dat",
Sony One Favoris (1080p),OK-2X,playlist.m3u,https://49d735318d6b4c30a24a7997ea594e1b.mediatailor.us-west-2.amazonaws.com/v1/master/ba62fe743df0fe93366eba3a257d792884136c7f/LINEAR-820-FR-SONYONEFAVORIS-LG_FR/playlist.m3u8,"video,1920,1080
audio
data
data

video,1280,720
audio
data
data

video,1024,576
audio
data
data

video,640,360
audio
data
data

video,384,216
audio
data
data

video,1920,1080
audio
data
data
video,1280,720
audio
data
dat",
TV Breizh (1080p),FAIL-1,playlist.m3u,http://145.239.5.177/318/index.m3u8,,http://145.239.5.177/318/index.m3u8: Server returned 403 Forbidden (access denied)
Zee One Français (720p),OK-2X,playlist.m3u,https://7689426c.wurl.com/master/f36d25e7e52f1ba8d7e56eb859c636563214f541/U2Ftc3VuZy1mcl9aZWVNYWdpY19ITFM/playlist.m3u8,"video,640,360
audio
data
data

video,960,540
audio
data
data

video,1280,720
audio
data
data

video,640,360
audio
data
data
video,960,540
audio
data
data
video,1280,720
audio
data
data",
Zylo Emotion' L (1080p),OK-2X,playlist.m3u,https://rakutenaa-zylo-emotional-rakuten-r1zkm.amagi.tv/playlist/rakutenAA-zylo-emotional-rakuten/playlist.m3u8,"video,1920,1080
audio

video,1280,720
audio

video,854,480
audio

video,640,360
audio

video,426,240
audio

video,1920,1080
audio
video,1280,720
audio
video,854,480
audio
video,640,360
audio
video,426,240
audio",
Zylo ScreamIN (1080p),OK-2X,playlist.m3u,https://rakutenaa-zylo-screamin-rakuten-p11ej.amagi.tv/playlist/rakutenAA-zylo-screamin-rakuten/playlist.m3u8,"video,1920,1080
audio

video,1280,720
audio

video,854,480
audio

video,640,360
audio

video,426,240
audio

video,1920,1080
audio
video,1280,720
audio
video,854,480
audio
video,640,360
audio
video,426,240
audio",
Asian Drama,FAIL-1,playlist.m3u,https://epg.provider.plex.tv/library/parts/6430aa45fc3be5947780904e-685f27cca7111a932d28f1ae/?X-Plex-Token=tKfzC4xTJkyw3e4K46d8,,
Banijay Mr Bean Animé (1080p),OK-2X,playlist.m3u,https://amg00627-amg00627c31-rakuten-fr-3991.playouts.now.amagi.tv/playlist/amg00627-banijayfast-mrbeanfrcc-rakutenfr/playlist.m3u8,"video,426,240
audio
data

video,640,360
audio
data

video,848,480
audio
data

video,1280,720
audio
data

video,1920,1080
audio
data

video,426,240
audio
data
video,640,360
audio
data
video,848,480
audio
data
video,1280,7",
Box Office Drama,OK-2X,playlist.m3u,https://jmp2.uk/stvp-FR3700003N4,"video,1280,720
audio
data
data

video,960,540
audio
data
data

video,854,480
audio
data
data

video,640,360
audio
data
data

video,1280,720
audio
data
data
video,960,540
audio
data
data
video,854,480
audio
data
data
vide",
"chien flic"" tvg-logo=""https://images.pluto.tv/channels/691b332aa4385c191ee44b57/colorLogoPNG_1771923791904.png"" group-title=""10 - SERIES"",Rex chien flic",OK-2X,playlist.m3u,https://jmp2.uk/plu-691b332aa4385c191ee44b57.m3u8,"audio
video,854,480
data

audio
video,1024,576
data

audio
video,1280,720
data

audio
video,854,480
data
audio
video,1024,576
data
audio
video,1280,720
data",
"femme flic"" tvg-logo=""https://images.pluto.tv/channels/6671b26836a2f90008d9333c/colorLogoPNG.png"" group-title=""10 - SERIES"",Diane femme flic",OK-2X,playlist.m3u,https://jmp2.uk/plu-6671b26836a2f90008d9333c.m3u8,"audio
video,854,480

audio
video,1024,576

audio
video,1216,684

audio
video,854,480
audio
video,1024,576
audio
video,1216,684",
Fréquence Novelas,OK-2X,playlist.m3u,https://jmp2.uk/stvp-FRBC800001X0,"video,640,360
audio

video,960,540
audio

video,1280,720
audio

video,1920,1080
audio

video,640,360
audio
video,960,540
audio
video,1280,720
audio
video,1920,1080
audio",
Génération Sitcoms,OK-2X,playlist.m3u,https://jmp2.uk/plu-60afb203ec391c00070ea1bf.m3u8,"video,854,480
audio

video,854,480
audio

video,1280,720
audio

video,854,480
audio
video,854,480
audio
video,1280,720
audio",
Génération Sitcoms,OK-2X,playlist.m3u,https://jmp2.uk/stvp-FRBC4700001XG,"video,640,360
audio

video,960,540
audio

video,1280,720
audio

video,1920,1080
audio

video,640,360
audio
video,960,540
audio
video,1280,720
audio
video,1920,1080
audio",
Génération Sitcoms TV,FAIL-1,playlist.m3u,https://epg.provider.plex.tv/library/parts/6430aa45fc3be5947780904e-68e03d842cbc7a5d3189394a/?X-Plex-Token=tKfzC4xTJkyw3e4K46d8,,https://epg.provider.plex.tv/library/parts/6430aa45fc3be5947780904e-68e03d842cbc7a5d3189394a/?X-Plex-Token=tKfzC4xTJkyw3e4K46d8: Server returned 404 Not Found
K-Drama+,OK-2X,playlist.m3u,https://jmp2.uk/stvp-FRBD41000124S,"video,1920,1080
audio

video,0,0
audio

video,0,0
audio

video,1920,1080
audio
video,0,0
audio
video,0,0
audio",
MODUS Super Series Darts,OK-2X,playlist.m3u,https://jmp2.uk/plu-671643fc5534bb00089187ad.m3u8,"audio
video,854,480

audio
video,854,480

audio
video,1280,720

audio
video,854,480
audio
video,854,480
audio
video,1280,720",
Passion Novelas,OK-2X,playlist.m3u,https://jmp2.uk/stvp-FRBD15000024B,"video,640,360
audio

video,960,540
audio

video,1280,720
audio

video,1920,1080
audio

video,640,360
audio
video,960,540
audio
video,1280,720
audio
video,1920,1080
audio",
Pluto TV Séries Fantastiques,OK-2X,playlist.m3u,https://jmp2.uk/plu-625ec7a1c853fd00073b38fd.m3u8,"video,854,480
audio

video,854,480
audio

video,1280,720
audio

video,854,480
audio
video,854,480
audio
video,1280,720
audio",
Serie Club (720p),FAIL-1,playlist.m3u,http://145.239.5.177/355/index.m3u8,,http://145.239.5.177/355/index.m3u8: Server returned 403 Forbidden (access denied)
Serie Max,FAIL-1,playlist.m3u,https://video1.getstreamhosting.com:1936/8330/8330/playlist.m3u8,,https://video1.getstreamhosting.com:1936/8330/8330/playlist.m3u8: Server returned 403 Forbidden (access denied)
Series by Pluto TV,OK-2X,playlist.m3u,https://jmp2.uk/plu-5f8ed2d1c34c2300073bf02c.m3u8,"audio
video,1216,684

audio
video,1216,684

audio
video,1216,684

audio
video,1216,684
audio
video,1216,684
audio
video,1216,684",
Soap,FAIL-1,playlist.m3u,https://epg.provider.plex.tv/library/parts/6430aa45fc3be5947780904e-695d48094ba349f255911f92/?X-Plex-Token=tKfzC4xTJkyw3e4K46d8,,https://epg.provider.plex.tv/library/parts/6430aa45fc3be5947780904e-695d48094ba349f255911f92/?X-Plex-Token=tKfzC4xTJkyw3e4K46d8: Server returned 404 Not Found
Zylo Fréquence Novelas (1080p),OK-2X,playlist.m3u,https://d20oth1416y9a1.cloudfront.net/playlist/amg00711-zylofast-frequencenovelas-rakutenus/playlist.m3u8,"video,640,360
audio
data
data

video,854,480
audio
data
data

video,1280,720
audio
data
data

video,1920,1080
audio
data
data

video,640,360
audio
data
data
video,854,480
audio
data
data
video,1280,720
audio
data
data
vi",
Animation+,FAIL-1,playlist.m3u,https://epg.provider.plex.tv/library/parts/6430aa45fc3be5947780904e-674f6a6cf44561420465f9f3/?X-Plex-Token=tKfzC4xTJkyw3e4K46d8,,
Beyblade,OK-2X,playlist.m3u,https://jmp2.uk/plu-664c8ba33d173b00080ef0c8.m3u8,"audio
video,854,480

audio
video,1024,576

audio
video,1216,684

audio
video,854,480
audio
video,1024,576
audio
video,1216,684",
Bob l'éponge (720p),OK-2X,playlist.m3u,https://jmp2.uk/plu-5ffc8c345822750007e167de.m3u8,"audio
video,854,480

audio
video,854,480

audio
video,1280,720

audio
video,854,480
audio
video,854,480
audio
video,1280,720",
Boss Brothers TV (1080p),FAIL-1,playlist.m3u,http://51.254.199.122:8080/bossbrothersTV/index.m3u8,,[tcp @ 0x564bb0106540] Connection to tcp://51.254.199.122:8080 failed: Connection timed out http://51.254.199.122:8080/bossbrothersTV/index.m3u8: Connection timed out
Caillou,OK-2X,playlist.m3u,https://jmp2.uk/stvp-FR4800002NE,"video,768,432
audio

video,256,144
audio

video,640,360
audio

video,640,360
audio

video,1280,720
audio

video,1280,720
audio

video,768,432
audio
video,256,144
audio
video,640,360
audio
video,640,360
audio
video,1280,7",
Disney Jr. (1080p),OK-2X,playlist.m3u,http://151.80.18.177:86/Disney_Junior_HD/index.m3u8,"video,1280,720
audio

video,1280,720
audio",
For You TV,OK-2X,playlist.m3u,https://stream.az-multimedia.com:3325/live/foryoutvlive.m3u8,"video,854,480
audio

video,854,480
audio",
FUSION TV (1080p),OK-2X,playlist.m3u,https://edge20.vedge.infomaniak.com/livecast/ik:fusiontv/manifest.m3u8,"data
video,1920,1080
audio

data
video,1920,1080
audio",
ICONE TV,FAIL-1,playlist.m3u,https://lecteur.iconetv.bj/hls/stream.m3u8,,[tcp @ 0x562c2900cf40] Connection to tcp://lecteur.iconetv.bj:443 failed: Connection timed out https://lecteur.iconetv.bj/hls/stream.m3u8: Connection timed out
Le Meilleur des Jeux TV,OK-2X,playlist.m3u,https://jmp2.uk/stvp-FR3600004UH,"audio
video,426,240

audio
video,640,360

audio
video,848,480

audio
video,1280,720

audio
video,1920,1080

audio
video,426,240
audio
video,640,360
audio
video,848,480
audio
video,1280,720
audio
video,1920,1080",
Mattel Junior,OK-2X,playlist.m3u,https://jmp2.uk/plu-686e74b0e48af72bc266e798.m3u8,"audio
video,854,480

audio
video,1024,576

audio
video,1216,684

audio
video,854,480
audio
video,1024,576
audio
video,1216,684",
Nickelodeon Junior (1080p),OK-2X,playlist.m3u,http://151.80.18.177:86/Nickelodeon_Junior/index.m3u8,"video,1920,1080
audio

video,1920,1080
audio",
Pluto TV Junior (720p),OK-2X,playlist.m3u,https://jmp2.uk/plu-5f8ecb336537e8000764a17f.m3u8,"audio
video,854,480

audio
video,854,480

audio
video,1280,720

audio
video,854,480
audio
video,854,480
audio
video,1280,720",
Pluto TV Kids Classics (720p),OK-2X,playlist.m3u,https://jmp2.uk/plu-654a58dbf9cc82000868f0fb.m3u8,"audio
video,1216,684

audio
video,1216,684

audio
video,1216,684

audio
video,1216,684
audio
video,1216,684
audio
video,1216,684",
Pluto TV Kids Club,OK-2X,playlist.m3u,https://jmp2.uk/plu-611e6ddc7fcd580007d1eb5f.m3u8,"video,854,480
audio

video,854,480
audio

video,1280,720
audio

video,854,480
audio
video,854,480
audio
video,1280,720
audio",
Pluto TV Reality,OK-2X,playlist.m3u,https://jmp2.uk/plu-6092544e7639460007d4835e.m3u8,"audio
video,1216,684

audio
video,1216,684

audio
video,1216,684

audio
video,1216,684
audio
video,1216,684
audio
video,1216,684",
Pluto TV Super Kids,OK-2X,playlist.m3u,https://jmp2.uk/plu-652557d93fd33c000802f995.m3u8,"audio
video,854,480

audio
video,1024,576

audio
video,1216,684

audio
video,854,480
audio
video,1024,576
audio
video,1216,684",
SenJeunes TV (480p) [Not 24/7],OK-2X,playlist.m3u,https://stream.sen-gt.com/senjeunestv/myStream/playlist.m3u8,"data
video,854,480
audio

data
video,854,480
audio",
TG Junior,FAIL-1,playlist.m3u,https://epg.provider.plex.tv/library/parts/6430aa45fc3be5947780904e-5f123330eca6a20040b328e8/?X-Plex-Token=tKfzC4xTJkyw3e4K46d8,,https://epg.provider.plex.tv/library/parts/6430aa45fc3be5947780904e-5f123330eca6a20040b328e8/?X-Plex-Token=tKfzC4xTJkyw3e4K46d8: Server returned 404 Not Found
Africa 24 Sport (1080p),OK-2X,playlist.m3u,https://africa24.vedge.infomaniak.com/livecast/ik:africa24sport/manifest.m3u8,"data
video,1920,1080
audio

data
video,1920,1080
audio",
AFTER FOOT TV,OK-2X,playlist.m3u,https://jmp2.uk/stvp-FR1100002RF,"video,1920,1080
audio

video,1280,720
audio

video,960,540
audio

video,640,360
audio

video,1920,1080
audio
video,1280,720
audio
video,960,540
audio
video,640,360
audio",
Champion TV,OK-2X,playlist.m3u,https://stream.berosat.live/hls/champion-tv/champion-tv.m3u8,"video,1280,720
audio

video,1280,720
audio",
Equidia (1080p),FAIL-1,playlist.m3u,https://raw.githubusercontent.com/Paradise-91/ParaTV/main/streams/equidia/live2.m3u8,,timeout
FIFA+ French (720p),OK-2X,playlist.m3u,https://37b4c228.wurl.com/master/f36d25e7e52f1ba8d7e56eb859c636563214f541/UmFrdXRlblRWLWZyX0ZJRkFQbHVzRnJlbmNoX0hMUw/playlist.m3u8,"video,640,360
audio
data
data

video,960,540
audio
data
data

video,1280,720
audio
data
data

video,640,360
audio
data
data
video,960,540
audio
data
data
video,1280,720
audio
data
data",
Foot+,FAIL-1,playlist.m3u,http://145.239.5.177/556a/index.m3u8,,http://145.239.5.177/556a/index.m3u8: Server returned 403 Forbidden (access denied)
FTF Sports,FAIL-1,playlist.m3u,https://epg.provider.plex.tv/library/parts/6430aa45fc3be5947780904e-605a309dc5acdc002c7a20aa/?X-Plex-Token=tKfzC4xTJkyw3e4K46d8,,
GFN Football TV,FAIL-1,playlist.m3u,https://epg.provider.plex.tv/library/parts/6430aa45fc3be5947780904e-67c247c345ae99120c071586/?X-Plex-Token=tKfzC4xTJkyw3e4K46d8,,https://epg.provider.plex.tv/library/parts/6430aa45fc3be5947780904e-67c247c345ae99120c071586/?X-Plex-Token=tKfzC4xTJkyw3e4K46d8: Server returned 404 Not Found
"like Gecko) Chrome/120.0.0.0 Safari/537.36 VLC/3.0.21 LibVLC/3.0.21"" group-title=""12 - SPORT"",RMC Sport 1",FAIL-1,playlist.m3u,https://7nyaler.streamhostingcdn.top/stream/59/index.m3u8,,[hls @ 0x5648ce7f8940] Error when loading first segment 'https://7nyaler.streamhostingcdn.top/stream/59/index_644113.ts?token=&exp=' https://7nyaler.streamhostingcdn.top/stream/59/index.m3u8: Invalid data found when proc
"like Gecko) Chrome/149.0.0.0 Safari/537.36"" group-title=""12 - SPORT"",Canal+ Sport 360",FAIL-1,playlist.m3u,https://futbol9865.ultratv13.workers.dev/deportivo111/14.m3u8,,"https://futbol9865.ultratv13.workers.dev/deportivo111/14.m3u8: Server returned 4XX Client Error, but not one of 40{0,1,3,4}"
Motor Racing,OK-2X,playlist.m3u,https://jmp2.uk/stvp-FR900002B4,"video,1280,720
audio

video,768,432
audio

video,640,360
audio

video,320,180
audio

video,1280,720
audio
video,768,432
audio
video,640,360
audio
video,320,180
audio",
Nautical Channel (720p),OK-2X,playlist.m3u,https://a-cdn.klowdtv.com/live2/nautical_720p/playlist.m3u8,"video,1280,720
audio

video,1280,720
audio",
Poker Night TV,FAIL-1,playlist.m3u,https://epg.provider.plex.tv/library/parts/6430aa45fc3be5947780904e-60afc726623f2f002c5bb49f/?X-Plex-Token=tKfzC4xTJkyw3e4K46d8,,
PokerGO,FAIL-1,playlist.m3u,https://epg.provider.plex.tv/library/parts/6430aa45fc3be5947780904e-64ac687b4192b4e1bab96279/?X-Plex-Token=tKfzC4xTJkyw3e4K46d8,,
Racing America,FAIL-1,playlist.m3u,https://epg.provider.plex.tv/library/parts/6430aa45fc3be5947780904e-61a945156547ba4d6d238dc9/?X-Plex-Token=tKfzC4xTJkyw3e4K46d8,,
So Foot+,OK-2X,playlist.m3u,https://jmp2.uk/stvp-FR12000040D,"video,2048,1080
audio

video,1366,720
audio

video,1092,576
audio

video,910,480
audio

video,682,360
audio

video,2048,1080
audio
video,1366,720
audio
video,1092,576
audio
video,910,480
audio
video,682,360
audio",
SportsGrid,FAIL-1,playlist.m3u,https://epg.provider.plex.tv/library/parts/6430aa45fc3be5947780904e-5ef11485d33ab9004048a1ca/?X-Plex-Token=tKfzC4xTJkyw3e4K46d8,,
The World Poker Tour,FAIL-1,playlist.m3u,https://epg.provider.plex.tv/library/parts/6430aa45fc3be5947780904e-5f6b8e7900b0950040d0f2b2/?X-Plex-Token=tKfzC4xTJkyw3e4K46d8,,
The World Poker Tour,FAIL-1,playlist.m3u,https://epg.provider.plex.tv/library/parts/6430aa45fc3be5947780904e-656fa24bdbcce28c3a417415/?X-Plex-Token=tKfzC4xTJkyw3e4K46d8,,
Trace Sport Stars (Australia) (1080p),OK-2X,playlist.m3u,https://lightning-tracesport-samsungau.amagi.tv/playlist.m3u8,"video,640,360
audio

video,848,480
audio

video,1280,720
audio

video,1920,1080
audio

video,640,360
audio
video,848,480
audio
video,1280,720
audio
video,1920,1080
audio",
Women's Sports Network,FAIL-1,playlist.m3u,https://epg.provider.plex.tv/library/parts/6430aa45fc3be5947780904e-630fa9e577ec3866def38fa2/?X-Plex-Token=tKfzC4xTJkyw3e4K46d8,,
World Poker Tour,OK-2X,playlist.m3u,https://jmp2.uk/stvp-FRBD2900001M3,"video,640,360
audio
data

video,960,540
audio
data

video,1280,720
audio
data

video,1920,1080
audio
data

video,640,360
audio
data
video,960,540
audio
data
video,1280,720
audio
data
video,1920,1080
audio
data",
BabyFirst (720p),OK-2X,playlist.m3u,https://cdn.fast.jwp.services/v1/channel/1_jB6940Ei_TvhvIHDL/manifest.m3u8,"audio
audio
video,640,360

audio
audio
video,960,540

audio
audio
video,1280,720

audio
audio
video,1920,1080

audio
audio
video,640,360
video,960,540
video,1280,720
video,1920,1080",
A2i Music (720p) [Not 24/7],FAIL-1,playlist.m3u,https://stream.sen-gt.com/A2iMusic/myStream/playlist.m3u8,,https://stream.sen-gt.com/A2iMusic/myStream/playlist.m3u8: Server returned 404 Not Found
BPX TV Radio,OK-2X,playlist.m3u,https://video1.getstreamhosting.com:1936/8212/8212/playlist.m3u8,"data
video,1280,720
audio

data
video,1280,720
audio",
Congo Planet Télévision (1080p) [Not 24/7],FAIL-1,playlist.m3u,https://radio.congoplanet.com/Congo_Planet_TV.sdp/Congo_Planet_TV/playlist.m3u8,,[tls @ 0x562e29166540] Error in the pull function. [tls @ 0x562e29166540] IO error: Connection timed out https://radio.congoplanet.com/Congo_Planet_TV.sdp/Congo_Planet_TV/playlist.m3u8: Connection timed out
Couleur 3 (720p),FAIL-1,playlist.m3u,https://visualradio-rts-couleur3-d.akamaized.net/out/v1/6a1472634ad745f59a9e63ee8adbbc00/index.m3u8,,https://visualradio-rts-couleur3-d.akamaized.net/out/v1/6a1472634ad745f59a9e63ee8adbbc00/index.m3u8: Server returned 403 Forbidden (access denied)
Fun Vision,OK-2X,playlist.m3u,https://funradiovisionhd.vedge.infomaniak.com/livecast/ik:funradiovisionhd/manifest.m3u8,"data
video,1920,1080
audio

data
video,1280,720
audio

data
video,854,480
audio

data
video,640,360
audio

data
video,1920,1080
audio
data
video,1280,720
audio
data
video,854,480
audio
data
video,640,360
audio",
Generations TV (576p),OK-2X,playlist.m3u,https://event.vedge.infomaniak.com/livecast/ik:generation-tv/manifest.m3u8,"data
video,1280,720
audio

data
video,1280,720
audio",
Ici Radio-Canada Télé (1080p) [Geo-blocked],FAIL-1,playlist.m3u,https://rcavlive-dai.akamaized.net/hls/live/696614/cancbftprem/master.m3u8,,https://rcavlive-dai.akamaized.net/hls/live/696614/cancbftprem/master.m3u8: Server returned 403 Forbidden (access denied)
Ici Radio-Canada Télé Colombie-Britannique/Yukon (CBUFT-DT) [Geo-blocked],FAIL-1,playlist.m3u,https://rcavlive.akamaized.net/hls/live/704017/cancbuft/master.m3u8,,https://rcavlive.akamaized.net/hls/live/704017/cancbuft/master.m3u8: Server returned 403 Forbidden (access denied)
Ici Radio-Canada Télé Est du Québec (CJBR-DT) [Geo-blocked],FAIL-1,playlist.m3u,https://rcavlive.akamaized.net/hls/live/704024/cancjbr/master.m3u8,,https://rcavlive.akamaized.net/hls/live/704024/cancjbr/master.m3u8: Server returned 403 Forbidden (access denied)
Ici Radio-Canada Télé Estrie (CKSH-DT) [Geo-blocked],FAIL-1,playlist.m3u,https://rcavlive.akamaized.net/hls/live/704016/cancksh/master.m3u8,,https://rcavlive.akamaized.net/hls/live/704016/cancksh/master.m3u8: Server returned 403 Forbidden (access denied)
Ici Radio-Canada Télé Manitoba (CBWFT-DT) [Geo-blocked],FAIL-1,playlist.m3u,https://rcavlive.akamaized.net/hls/live/704018/cancbwft/master.m3u8,,https://rcavlive.akamaized.net/hls/live/704018/cancbwft/master.m3u8: Server returned 403 Forbidden (access denied)
Ici Radio-Canada Télé Mauricie/Centre-du-Québec (CKTM-DT) [Geo-blocked],FAIL-1,playlist.m3u,https://rcavlive.akamaized.net/hls/live/704021/cancktm/master.m3u8,,https://rcavlive.akamaized.net/hls/live/704021/cancktm/master.m3u8: Server returned 403 Forbidden (access denied)
Ici Radio-Canada Télé Ontario (CBLFT-DT) [Geo-blocked],FAIL-1,playlist.m3u,https://rcavlive.akamaized.net/hls/live/704022/cancblft/master.m3u8,,https://rcavlive.akamaized.net/hls/live/704022/cancblft/master.m3u8: Server returned 403 Forbidden (access denied)
Ici Radio-Canada Télé Ottawa/Gatineau (CBOFT-DT) [Geo-blocked],FAIL-1,playlist.m3u,https://rcavlive.akamaized.net/hls/live/664046/cancboft/master.m3u8,,https://rcavlive.akamaized.net/hls/live/664046/cancboft/master.m3u8: Server returned 403 Forbidden (access denied)
Ici Radio-Canada Télé Québec (CBVT-DT) [Geo-blocked],FAIL-1,playlist.m3u,https://rcavlive.akamaized.net/hls/live/664045/cancbvt/master.m3u8,,https://rcavlive.akamaized.net/hls/live/664045/cancbvt/master.m3u8: Server returned 403 Forbidden (access denied)
Ici Radio-Canada Télé Saguenay/Lac-St-Jean (CKTV-DT) [Geo-blocked],FAIL-1,playlist.m3u,https://rcavlive.akamaized.net/hls/live/704023/cancktv/master.m3u8,,https://rcavlive.akamaized.net/hls/live/704023/cancktv/master.m3u8: Server returned 403 Forbidden (access denied)
Ici Radio-Canada Télé Saskatchewan (CBKFT-DT) [Geo-blocked],FAIL-1,playlist.m3u,https://rcavlive.akamaized.net/hls/live/704019/cancbkft/master.m3u8,,https://rcavlive.akamaized.net/hls/live/704019/cancbkft/master.m3u8: Server returned 403 Forbidden (access denied)
Kozoom TV (1080p),OK-2X,playlist.m3u,https://streams2.sofast.tv/v1/master/611d79b11b77e2f571934fd80ca1413453772ac7/fdd6f243-f971-4a1a-9510-97ac01d6b37f/manifest.m3u8,"video,640,360
audio
data

video,1280,720
audio
data

video,1920,1080
audio
data

video,640,360
audio
data
video,1280,720
audio
data
video,1920,1080
audio
data",
"like Gecko) Chrome/149.0.0.0 Safari/537.3"" group-title=""14 - MUSIQUE"",MTV",OK-2X,playlist.m3u,http://99.27.51.147:8080/MTV/index.m3u8,"video,720,576
audio

video,720,576
audio",
Littoral FM (720p),OK-2X,playlist.m3u,https://live.creacast.com/littoralfm-ch1/stream/playlist.m3u8,"data
video,1280,720
audio

data
video,1280,720
audio",
LMTV French (720p) [Not 24/7],OK-2X,playlist.m3u,https://video1.getstreamhosting.com:1936/8282/8282/playlist.m3u8,"data
video,1280,720
audio

data
video,1280,720
audio",
MCM Top (1080p),OK-2X,playlist.m3u,http://46.32.176.50/mcmtop/index.m3u8,"video,720,576
audio

video,720,576
audio",
Museum TV [Geo-blocked],FAIL-1,playlist.m3u,https://cdn-ue1-prod.tsv2.amagi.tv/linear/amg01492-secomsasmediart-museumtv-eng-samsungit/playlist.m3u8,,[tcp @ 0x5645a1979a80] Failed to resolve hostname amg01492-secomsasmediart-museumtv-eng-samsungit-vmzbd.amagi.tv: Name or service not known https://cdn-ue1-prod.tsv2.amagi.tv/linear/amg01492-secomsasmediart-museumtv-eng-
NRJ Hits,FAIL-1,playlist.m3u,https://test.946985.filegear-sg.me/proxy/a23981548880f405,,[tls @ 0x560a70551540] A TLS fatal alert has been received. https://test.946985.filegear-sg.me/proxy/a23981548880f405: Input/output error
P2M TV (720p),OK-2X,playlist.m3u,https://vdo2.pro-fhi.net:3207/stream/play.m3u8,"video,1280,720
audio

video,1280,720
audio",
Qello Concerts,FAIL-1,playlist.m3u,https://epg.provider.plex.tv/library/parts/6430aa45fc3be5947780904e-62d7f68fb19cbf65dc7bef7c/?X-Plex-Token=tKfzC4xTJkyw3e4K46d8,,https://epg.provider.plex.tv/library/parts/6430aa45fc3be5947780904e-62d7f68fb19cbf65dc7bef7c/?X-Plex-Token=tKfzC4xTJkyw3e4K46d8: Server returned 404 Not Found
Radio Contact (1080p),FAIL-1,playlist.m3u,https://contact-live-hls.akamaized.net/hls/live/2038650/CONTACT-Live-HLS/master.m3u8,,https://contact-live-hls.akamaized.net/hls/live/2038650/CONTACT-Live-HLS/master.m3u8: Server returned 400 Bad Request
Radio Télé 4VEH (720p),OK-2X,playlist.m3u,https://uni01rtmp.tulix.tv/4vehtv/4vehtv-firetv/playlist.m3u8,"data
video,1280,720
audio

data
video,1280,720
audio",
Radio Télé Amen FM (360p) [Not 24/7],FAIL-1,playlist.m3u,http://184.173.179.163:1935/daniel/daniel/playlist.m3u8,,[tcp @ 0x55ba92cca540] Connection to tcp://184.173.179.163:1935 failed: Connection timed out http://184.173.179.163:1935/daniel/daniel/playlist.m3u8: Connection timed out
Radio Tele Evangile Sans Limite,OK-2X,playlist.m3u,https://5790d294af2dc.streamlock.net/8124/8124/chunklist.m3u8,"data
video,1920,1080
audio

data
video,1920,1080
audio",
Radio Tele Full Gospel,OK-2X,playlist.m3u,https://f-tx-edge-87.christianworldmedia.com/EJCFG/mp4:EJCFG/playlist.m3u8,"data
video,640,360
audio

data
video,640,360
audio",
Radio Tele Ginen,OK-2X,playlist.m3u,http://teleginen.srfms.com:1935/teleginen/livestream/playlist.m3u8,"data
video,1920,1080
audio

data
video,1920,1080
audio",
Radio Télé Hit (480p),OK-2X,playlist.m3u,https://59d39900ebfb8.streamlock.net/RadioTelehit/RadioTelehit/playlist.m3u8,"data
video,1280,720
audio

data
video,1280,720
audio",
Radio Télé Kajou (480p) [Not 24/7],FAIL-1,playlist.m3u,https://59d39900ebfb8.streamlock.net/RadioTelekAJOU/RadioTelekAJOU/playlist.m3u8,,https://59d39900ebfb8.streamlock.net/RadioTelekAJOU/RadioTelekAJOU/playlist.m3u8: Server returned 404 Not Found
Radio Tele Planet Compas (720p) [Not 24/7],FAIL-1,playlist.m3u,https://5dcab9aed5331.streamlock.net/mrcompas1/livestream/playlist.m3u8,,https://5dcab9aed5331.streamlock.net/mrcompas1/livestream/playlist.m3u8: Server returned 404 Not Found
Radio Tele Puissance,OK-2X,playlist.m3u,https://video1.getstreamhosting.com:1936/8560/8560/playlist.m3u8,"data
video,1280,720
audio

data
video,1280,720
audio",
Radio Tele Sentinel,OK-2X,playlist.m3u,https://59d39900ebfb8.streamlock.net/radiotelesentinel/radiotelesentinel/playlist.m3u8,"data
video,1280,720
audio

data
video,1280,720
audio",
Radio Télé Wisdom (360p) [Not 24/7],FAIL-1,playlist.m3u,https://59d39900ebfb8.streamlock.net/daniel/daniel/playlist.m3u8,,https://59d39900ebfb8.streamlock.net/daniel/daniel/playlist.m3u8: Server returned 404 Not Found
Radio Télévision Shilo (720p) [Not 24/7],FAIL-1,playlist.m3u,https://watch.haitilive.net/freehb/rtvs/index.m3u8,,https://watch.haitilive.net/freehb/rtvs/index.m3u8: Server returned 404 Not Found
RFM TV [Not 24/7],OK-2X,playlist.m3u,http://315e5a5d.ottrast.com/iptv/MM4E93NGF5LADZ/1038/index.m3u8,"video,1920,1080
audio

video,1920,1080
audio",
Stingray Classica (1080p),OK-2X,playlist.m3u,https://lotus.stingray.com/manifest/classica-cla008-montreal/samsungtvplus/master.m3u8,"video,640,360
audio

video,842,474
audio

video,1280,720
audio

video,1920,1080
audio

video,256,144
audio

video,640,360
audio
video,842,474
audio
video,1280,720
audio
video,1920,1080
audio
video,256,144
audio",
Tele Boston (480p),OK-2X,playlist.m3u,https://tv2.fastcast4u.com:3238/live/radiotelebostonlive.m3u8,"video,640,360
audio

video,640,360
audio",
Telepace 2 (1080p),OK-2X,playlist.m3u,https://zkpywrbgdbeg-hls-live.mariatvcdn.it/teleradiopace2/254c9b5c52a73a94ef0f6169cbd05dc2.sdp/playlist.m3u8,"video,1920,1080
audio

video,1920,1080
audio",
Telepace 4 (1080p),OK-2X,playlist.m3u,https://j78dpr7nyq5r-hls-live.mariatvcdn.it/teleradiopace4/13d74f2cfe921bfbc262697203d47d8f.sdp/playlist.m3u8,"video,1920,1080
audio

video,1920,1080
audio",
Trace Latina (1080p),OK-2X,playlist.m3u,https://channels.trace.plus/Traceprod/LATINA_hd/index.m3u8,"video,1280,720
audio

video,1280,720
audio",
Trace Urban (Australia) (1080p),OK-2X,playlist.m3u,https://lightning-traceurban-samsungau.amagi.tv/playlist.m3u8,"video,640,360
audio

video,848,480
audio

video,1280,720
audio

video,1920,1080
audio

video,640,360
audio
video,848,480
audio
video,1280,720
audio
video,1920,1080
audio",
Trace Urban France (1080p),OK-2X,playlist.m3u,https://channels.trace.plus/Traceprod/URBAN_FR_hd/index.m3u8,"video,1280,720
audio

video,1280,720
audio",
Trace Urban Southern Africa (1080p),OK-2X,playlist.m3u,https://channels.trace.plus/Traceprod/URBAN_SA_hd/index.m3u8,"video,1280,720
audio

video,1280,720
audio",
TV Alsace (1080p),OK-2X,playlist.m3u,http://194.163.157.137:8080/hls/radioalsace.m3u8,"video,1920,1080
audio

video,1920,1080
audio",
TV Mulhouse (1080p),OK-2X,playlist.m3u,http://194.163.157.137:8080/hls/radiomulhouse.m3u8,"video,1920,1080
audio

video,1920,1080
audio",
Afroturk TV (1080p),OK-2X,playlist.m3u,https://edge.socialsmart.tv/naturaltv/bant1/playlist.m3u8,"video,1920,1080
audio

video,1920,1080
audio",
TeleMusik Senegal (720p),FAIL-1,playlist.m3u,https://58c04fb1d143f.streamlock.net/rezopropartner_1_live/rezopropartner_1_live/playlist.m3u8,,https://58c04fb1d143f.streamlock.net/rezopropartner_1_live/rezopropartner_1_live/playlist.m3u8: Server returned 404 Not Found
FashionTV,FAIL-1,playlist.m3u,https://epg.provider.plex.tv/library/parts/6430aa45fc3be5947780904e-6490c01f3b3ce9e1aaad95be/?X-Plex-Token=tKfzC4xTJkyw3e4K46d8,,
FashionTV Paris L'Original (1080p),OK-2X,playlist.m3u,https://edge-fast3.evrideo.tv/bfdbb576-83f7-11f0-9f89-0200170e3e04_1000028043_HLS/manifest.m3u8,"audio
video,1920,1080
data

audio
video,1280,720
data

audio
video,854,480
data

audio
video,640,360
data

audio
video,426,240
data

audio
video,256,144
data

audio
video,1920,1080
data
audio
video,1280,720
data
audio
vi",
Guide Love TV (720p),OK-2X,playlist.m3u,https://video1.getstreamhosting.com:1936/8056/8056/playlist.m3u8,"data
video,854,480
audio

data
video,854,480
audio",
Le Nouveau Manager TV,OK-2X,playlist.m3u,https://lnmlive.com/live/lnmtv.m3u8,"audio
video,1280,720

audio
video,1280,720",
Luxe TV (1080p),FAIL-1,playlist.m3u,http://103.154.3.101:5001/live/1736.m3u8,,[tcp @ 0x561ac80e9540] Connection to tcp://103.154.3.101:5001 failed: Connection timed out http://103.154.3.101:5001/live/1736.m3u8: Connection timed out
MyZen TV (1080p),OK-2X,playlist.m3u,https://cdn-ue1-prod.tsv2.amagi.tv/linear/amg01255-secomcofites-my-myzen-en-plex/playlist.m3u8,"video,640,360
audio

video,848,480
audio

video,1280,720
audio

video,1920,1080
audio

video,640,360
audio
video,848,480
audio
video,1280,720
audio
video,1920,1080
audio",
3ABN French,OK-2X,playlist.m3u,https://3abn.bozztv.com/3abn2/Fre_live/smil:Fre_live.smil/playlist.m3u8,"data
video,0,0
audio

data
video,0,0
audio

data
video,640,360
audio

data
video,0,0
audio
data
video,0,0
audio
data
video,640,360
audio",
A2i Religion (720p) [Not 24/7],OK-2X,playlist.m3u,https://stream.sen-gt.com/A2iReligion/myStream/playlist.m3u8,"data
video,1920,1080
audio

data
video,1920,1080
audio",
Benie TV (720p),OK-2X,playlist.m3u,https://tv.voozmedia.fun/benietv/index.m3u8,"video,1280,720
audio

video,1280,720
audio",
Dynamic Gospel TV (480p) [Not 24/7],FAIL-1,playlist.m3u,https://ssh101stream.ssh101.com/akamaissh101/ssh101/tvdynamicstream/playlist.m3u8,,[tcp @ 0x55db5128ff40] Failed to resolve hostname ssh101stream.ssh101.com: Name or service not known https://ssh101stream.ssh101.com/akamaissh101/ssh101/tvdynamicstream/playlist.m3u8: Input/output error
Ecclesia TV,FAIL-1,playlist.m3u,https://video1.getstreamhosting.com:1936/8294/8294/playlist.m3u8,,https://video1.getstreamhosting.com:1936/8294/8294/playlist.m3u8: Server returned 403 Forbidden (access denied)
Evandis Gospel TV (1080p),OK-2X,playlist.m3u,https://evandis.streamakaci.tv/str_evandis_evandis/str_evandis_multi/playlist.m3u8,"video,1920,1080
audio

video,1280,720
audio

video,640,360
audio

video,1920,1080
audio
video,1280,720
audio
video,640,360
audio",
EWTN Canada (720p),OK-2X,playlist.m3u,https://cdn3.wowza.com/1/YW5wSWZiRGd2eFlU/bGV0aVBq/hls/live/playlist.m3u8,"data
video,1280,720
audio

data
video,854,480
audio

data
video,640,360
audio

data
video,512,288
audio

data
video,320,180
audio

data
video,1280,720
audio
data
video,854,480
audio
data
video,640,360
audio
data
video,51",
Iqraa Africa & Europe (1080p),OK-2X,playlist.m3u,https://playlist.fasttvcdn.com/pl/dlkqw1ftuvuuzkcb4pxdcg/Iqraafasttv1/playlist.m3u8,"video,1920,1080
audio

video,1280,720
audio

video,854,480
audio

video,640,360
audio

video,1920,1080
audio
video,1280,720
audio
video,854,480
audio
video,640,360
audio",
Iqraa Quran (1080p),OK-2X,playlist.m3u,https://playlist.fasttvcdn.com/pl/dlkqw1ftuvuuzkcb4pxdcg/Iqraafasttv2/playlist.m3u8,"video,1920,1080
audio

video,1920,1080
audio

video,1280,720
audio

video,854,480
audio

video,640,360
audio

video,1920,1080
audio
video,1920,1080
audio
video,1280,720
audio
video,854,480
audio
video,640,360
audio",
KTO (504p),FAIL-1,playlist.m3u,http://145.239.5.177/354/index.m3u8,,http://145.239.5.177/354/index.m3u8: Server returned 403 Forbidden (access denied)
Maná Église Online (1080p) [Not 24/7],OK-2X,playlist.m3u,https://w2.manasat.com/eglise-online/smil:eglise-online.smil/playlist.m3u8,"data
video,1920,1080
audio

data
video,1280,720
audio

data
video,640,360
audio

data
video,1920,1080
audio
data
video,1280,720
audio
data
video,640,360
audio",
MaxTV/Dieu TV (1080p),OK-2X,playlist.m3u,https://cdn.katapy.io/cache/stream/katapytv/dieu/playlist.m3u8,"video,640,360
audio

video,384,216
audio

video,960,540
audio

video,1280,720
audio

video,640,360
audio
video,384,216
audio
video,960,540
audio
video,1280,720
audio",
Miracle TV+ (720p),OK-2X,playlist.m3u,https://strhlslb01.streamakaci.tv/str_mtv_mtv/str_mtv_multi/playlist.m3u8,"video,1920,1080
audio

video,1280,720
audio

video,640,360
audio

video,1920,1080
audio
video,1280,720
audio
video,640,360
audio",
MTA1 World (720p),FAIL-1,playlist.m3u,https://chlivemta1.akamaized.net/hls/live/2008145/mta1/playlist.m3u8,,[hls @ 0x55c15a4d0940] Error when loading first segment 'https://chlivemta1.akamaized.net/hls/live/2008145/mta1/20210201T165153/playlist_4300/04287/playlist_4300_00404.ts' https://chlivemta1.akamaized.net/hls/live/200814
MTA2 Europe (720p),FAIL-1,playlist.m3u,https://chlivemta1.akamaized.net/hls/live/2008145/mta2/playlist.m3u8,,[hls @ 0x55c508fbd940] Error when loading first segment 'https://chlivemta1.akamaized.net/hls/live/2008145/mta2/20200817T163532/playlist_4300/00051/playlist_4300_01387.ts' https://chlivemta1.akamaized.net/hls/live/200814
MTA4 Africa (1080p),OK-2X,playlist.m3u,https://chlivemta.akamaized.net/hls/live/2010555/mtaafrica1/playlist.m3u8,"audio
audio
audio
audio
audio
audio
audio
video,384,216

audio
audio
audio
audio
audio
audio
audio
video,512,288

audio
audio
audio
audio
audio
audio
audio
video,640,360

audio
audio
audio
audio
audio
audio
audio
video,7",
MTA5 Africa (1080p),OK-2X,playlist.m3u,https://chlivemta.akamaized.net/hls/live/2010555/mtaafrica2/playlist.m3u8,"audio
audio
audio
audio
audio
audio
audio
video,384,216

audio
audio
audio
audio
audio
audio
audio
video,512,288

audio
audio
audio
audio
audio
audio
audio
video,640,360

audio
audio
audio
audio
audio
audio
audio
video,7",
RTH-TV2 Gospel (720p),OK-2X,playlist.m3u,https://2-fss-2.streamhoster.com/pl_120/amlst:206708-4202592/playlist.m3u8,"data
video,1280,720
audio

data
video,640,360
audio

data
video,1280,720
audio
data
video,640,360
audio",
Sophia TV Français (720p),OK-2X,playlist.m3u,https://bild-und-ton.stream/sophiatv-fr/smil:sophia-tv-fr.smil/playlist.m3u8,"data
video,286,160
audio

data
video,640,360
audio

data
video,1920,1080
audio

data
video,286,160
audio
data
video,640,360
audio
data
video,1920,1080
audio",
Tele Louange (1080p),OK-2X,playlist.m3u,https://5790d294af2dc.streamlock.net/8124/8124/playlist.m3u8,"data
video,1920,1080
audio

data
video,1920,1080
audio",
Television Espoir 47 (720p),OK-2X,playlist.m3u,https://cdn140m.panaccess.com/HLS/Espoir47/index.m3u8,"audio
video,1280,720

audio
video,1280,720",
Trace Gospel Africa Franco (1080p),OK-2X,playlist.m3u,https://channels.trace.plus/Traceprod/GOSPEL_FR_hd/index.m3u8,"video,1280,720
audio

video,1280,720
audio",
Trace Gospel Southern Africa (1080p),OK-2X,playlist.m3u,https://channels.trace.plus/Traceprod/GOSPEL_SA_hd/index.m3u8,"video,1280,720
audio

video,1280,720
audio",
TVCARiB Gospel (480p) [Not 24/7],OK-2X,playlist.m3u,https://cdn.mycloudstream.io/hls/live/broadcast/wokrhjkd/index.m3u8,"video,1280,720
audio

video,1280,720
audio",
21 Jump Street,FAIL-1,playlist.m3u,https://epg.provider.plex.tv/library/parts/6430aa45fc3be5947780904e-66f6b947515e742745f5ca34/?X-Plex-Token=tKfzC4xTJkyw3e4K46d8,,
ACL Cornhole TV,FAIL-1,playlist.m3u,https://epg.provider.plex.tv/library/parts/6430aa45fc3be5947780904e-63504925a97bd70eaef54f01/?X-Plex-Token=tKfzC4xTJkyw3e4K46d8,,
AddictaTV,FAIL-1,playlist.m3u,https://epg.provider.plex.tv/library/parts/6430aa45fc3be5947780904e-69d6d88b1790acff6189dea5/?X-Plex-Token=tKfzC4xTJkyw3e4K46d8,,
ADRENALINE SPICA LIFE,FAIL-1,playlist.m3u,https://epg.provider.plex.tv/library/parts/6430aa45fc3be5947780904e-6a285269915c7c0d3211be8b/?X-Plex-Token=tKfzC4xTJkyw3e4K46d8,,https://epg.provider.plex.tv/library/parts/6430aa45fc3be5947780904e-6a285269915c7c0d3211be8b/?X-Plex-Token=tKfzC4xTJkyw3e4K46d8: Server returned 404 Not Found
AfroLandTV,FAIL-1,playlist.m3u,https://epg.provider.plex.tv/library/parts/6430aa45fc3be5947780904e-60e737a4ebef9d002c4d0a0c/?X-Plex-Token=tKfzC4xTJkyw3e4K46d8,,
Alerte à Malibu TV,FAIL-1,playlist.m3u,https://epg.provider.plex.tv/library/parts/6430aa45fc3be5947780904e-68e03cb418c739b4d91a6a59/?X-Plex-Token=tKfzC4xTJkyw3e4K46d8,,https://epg.provider.plex.tv/library/parts/6430aa45fc3be5947780904e-68e03cb418c739b4d91a6a59/?X-Plex-Token=tKfzC4xTJkyw3e4K46d8: Server returned 404 Not Found
Alternative,FAIL-1,playlist.m3u,https://epg.provider.plex.tv/library/parts/6430aa45fc3be5947780904e-62efbb8652f7d73061eec498/?X-Plex-Token=tKfzC4xTJkyw3e4K46d8,,
Baby Einstein,FAIL-1,playlist.m3u,https://epg.provider.plex.tv/library/parts/6430aa45fc3be5947780904e-69333216ac5b3f9f53442374/?X-Plex-Token=tKfzC4xTJkyw3e4K46d8,,
Bassmaster,FAIL-1,playlist.m3u,https://epg.provider.plex.tv/library/parts/6430aa45fc3be5947780904e-68caada21fabab6eb2e99331/?X-Plex-Token=tKfzC4xTJkyw3e4K46d8,,
Billiard TV,FAIL-1,playlist.m3u,https://epg.provider.plex.tv/library/parts/6430aa45fc3be5947780904e-6334a8e48a7b2a349d903b8c/?X-Plex-Token=tKfzC4xTJkyw3e4K46d8,,
Bizaar,FAIL-1,playlist.m3u,https://epg.provider.plex.tv/library/parts/6430aa45fc3be5947780904e-689e1f0dd84bfb3d54b6756f/?X-Plex-Token=tKfzC4xTJkyw3e4K46d8,,
Blacklist,FAIL-1,playlist.m3u,https://epg.provider.plex.tv/library/parts/6430aa45fc3be5947780904e-69222c105cbe620c1f9b6bbf/?X-Plex-Token=tKfzC4xTJkyw3e4K46d8,,https://epg.provider.plex.tv/library/parts/6430aa45fc3be5947780904e-69222c105cbe620c1f9b6bbf/?X-Plex-Token=tKfzC4xTJkyw3e4K46d8: Server returned 404 Not Found
Bondi Rescue,FAIL-1,playlist.m3u,https://epg.provider.plex.tv/library/parts/6430aa45fc3be5947780904e-69ae4f38e657bab5f7a9b7ec/?X-Plex-Token=tKfzC4xTJkyw3e4K46d8,,
BOOT,FAIL-1,playlist.m3u,https://epg.provider.plex.tv/library/parts/6430aa45fc3be5947780904e-5ef11487d33ab9004048a1d3/?X-Plex-Token=tKfzC4xTJkyw3e4K46d8,,
Bowling TV,FAIL-1,playlist.m3u,https://epg.provider.plex.tv/library/parts/6430aa45fc3be5947780904e-6970fdabbde579fb71262401/?X-Plex-Token=tKfzC4xTJkyw3e4K46d8,,
Brat TV,FAIL-1,playlist.m3u,https://epg.provider.plex.tv/library/parts/6430aa45fc3be5947780904e-63d6f6c5a9e88ee909e7ee1f/?X-Plex-Token=tKfzC4xTJkyw3e4K46d8,,
C4 en Alerta,FAIL-1,playlist.m3u,https://epg.provider.plex.tv/library/parts/6430aa45fc3be5947780904e-65b1568052aa31b8f64da064/?X-Plex-Token=tKfzC4xTJkyw3e4K46d8,,
Camp Spoopy,FAIL-1,playlist.m3u,https://epg.provider.plex.tv/library/parts/6430aa45fc3be5947780904e-6164a963766ab4f9f57e81b1/?X-Plex-Token=tKfzC4xTJkyw3e4K46d8,,
Canal 9 en Français (1080p),FAIL-1,playlist.m3u,https://livehd.vedge.infomaniak.com/livecast/livehd/master.m3u8,,https://livehd.vedge.infomaniak.com/livecast/livehd/master.m3u8: Server returned 403 Forbidden (access denied)
Carac 1 (1080p),FAIL-1,playlist.m3u,http://145.239.5.177/371/index.m3u8,,http://145.239.5.177/371/index.m3u8: Server returned 403 Forbidden (access denied)
Carac 2 (1080p),OK-2X,playlist.m3u,https://onefmhd.vedge.infomaniak.com/livecast/ik:onefmhd/manifest.m3u8,"data
video,1920,1080
audio

data
video,1920,1080
audio",
Carac 3 (1080p),OK-2X,playlist.m3u,https://lfmhd.vedge.infomaniak.com/livecast/lfmhd/playlist.m3u8,"data
video,1920,1080
audio

data
video,1920,1080
audio",
Carac 4 (1080p),OK-2X,playlist.m3u,https://edge17.vedge.infomaniak.com/livecast/ik:compack_media_1/playlist.m3u8,"data
video,1920,1080
audio

data
video,1280,720
audio

data
video,720,480
audio

data
video,640,360
audio

data
video,1920,1080
audio
data
video,1280,720
audio
data
video,720,480
audio
data
video,640,360
audio",
Carac 5,OK-2X,playlist.m3u,https://lfmmd.vedge.infomaniak.com/livecast/ik:carac5/manifest.m3u8,"data
video,1920,1080
audio

data
video,1280,720
audio

data
video,854,480
audio

data
video,640,360
audio

data
video,1920,1080
audio
data
video,1280,720
audio
data
video,854,480
audio
data
video,640,360
audio",
CBC News,FAIL-1,playlist.m3u,https://epg.provider.plex.tv/library/parts/6430aa45fc3be5947780904e-64c91830ea7db2f52688c52c/?X-Plex-Token=tKfzC4xTJkyw3e4K46d8,,
Cesar's Pack Leader TV,FAIL-1,playlist.m3u,https://epg.provider.plex.tv/library/parts/6430aa45fc3be5947780904e-693cbba358076a970420f597/?X-Plex-Token=tKfzC4xTJkyw3e4K46d8,,
Classic Rock,FAIL-1,playlist.m3u,https://epg.provider.plex.tv/library/parts/6430aa45fc3be5947780904e-61aaa0cc784a2161d3caf7ff/?X-Plex-Token=tKfzC4xTJkyw3e4K46d8,,
CombaTV,FAIL-1,playlist.m3u,https://epg.provider.plex.tv/library/parts/6430aa45fc3be5947780904e-63f0ca427b78030ed9990309/?X-Plex-Token=tKfzC4xTJkyw3e4K46d8,,
COPS,FAIL-1,playlist.m3u,https://epg.provider.plex.tv/library/parts/6430aa45fc3be5947780904e-626c1753ffda6789d20a452e/?X-Plex-Token=tKfzC4xTJkyw3e4K46d8,,https://epg.provider.plex.tv/library/parts/6430aa45fc3be5947780904e-626c1753ffda6789d20a452e/?X-Plex-Token=tKfzC4xTJkyw3e4K46d8: Server returned 404 Not Found
Cosmic Frontiers,FAIL-1,playlist.m3u,https://epg.provider.plex.tv/library/parts/6430aa45fc3be5947780904e-635c61cc797a33fa4193cc93/?X-Plex-Token=tKfzC4xTJkyw3e4K46d8,,https://epg.provider.plex.tv/library/parts/6430aa45fc3be5947780904e-635c61cc797a33fa4193cc93/?X-Plex-Token=tKfzC4xTJkyw3e4K46d8: Server returned 404 Not Found
Dr. Phil,FAIL-1,playlist.m3u,https://epg.provider.plex.tv/library/parts/6430aa45fc3be5947780904e-66e4cbef38de9754b6b13e90/?X-Plex-Token=tKfzC4xTJkyw3e4K46d8,,
Drive TV,OK-2X,playlist.m3u,https://jmp2.uk/stvp-FRBD3600001BQ,"video,640,360
audio
data

video,848,480
audio
data

video,1280,720
audio
data

video,1920,1080
audio
data

video,640,360
audio
data
video,848,480
audio
data
video,1280,720
audio
data
video,1920,1080
audio
data",
Dude Perfect,FAIL-1,playlist.m3u,https://epg.provider.plex.tv/library/parts/6430aa45fc3be5947780904e-68d7f9b53b1f329cea126993/?X-Plex-Token=tKfzC4xTJkyw3e4K46d8,,
Easy Listening,FAIL-1,playlist.m3u,https://epg.provider.plex.tv/library/parts/6430aa45fc3be5947780904e-62ee76b5271f393d2d9f709a/?X-Plex-Token=tKfzC4xTJkyw3e4K46d8,,
Echos du Monde,FAIL-1,playlist.m3u,https://epg.provider.plex.tv/library/parts/6430aa45fc3be5947780904e-685f1784a7111a932d28f1aa/?X-Plex-Token=tKfzC4xTJkyw3e4K46d8,,https://epg.provider.plex.tv/library/parts/6430aa45fc3be5947780904e-685f1784a7111a932d28f1aa/?X-Plex-Token=tKfzC4xTJkyw3e4K46d8: Server returned 404 Not Found
Eddie's Wonderland,FAIL-1,playlist.m3u,https://epg.provider.plex.tv/library/parts/6430aa45fc3be5947780904e-618ab2f275913b296fbe56dd/?X-Plex-Token=tKfzC4xTJkyw3e4K46d8,,https://epg.provider.plex.tv/library/parts/6430aa45fc3be5947780904e-618ab2f275913b296fbe56dd/?X-Plex-Token=tKfzC4xTJkyw3e4K46d8: Server returned 404 Not Found
El Conflicto TV,FAIL-1,playlist.m3u,https://epg.provider.plex.tv/library/parts/6430aa45fc3be5947780904e-621674f168c966be92737ce6/?X-Plex-Token=tKfzC4xTJkyw3e4K46d8,,https://epg.provider.plex.tv/library/parts/6430aa45fc3be5947780904e-621674f168c966be92737ce6/?X-Plex-Token=tKfzC4xTJkyw3e4K46d8: Server returned 400 Bad Request
Emotion'L,OK-2X,playlist.m3u,https://jmp2.uk/stvp-FRBB340000115,"video,640,360
audio

video,960,540
audio

video,1280,720
audio

video,1920,1080
audio

video,640,360
audio
video,960,540
audio
video,1280,720
audio
video,1920,1080
audio",
Éxitos del Momento,FAIL-1,playlist.m3u,https://epg.provider.plex.tv/library/parts/6430aa45fc3be5947780904e-62efba6588a16bb7d6b6fb58/?X-Plex-Token=tKfzC4xTJkyw3e4K46d8,,
FailArmy,OK-2X,playlist.m3u,https://jmp2.uk/plu-5f8ecd9169d2d4000864a974.m3u8,"audio
video,1216,684

audio
video,1216,684

audio
video,1216,684

audio
video,1216,684
audio
video,1216,684
audio
video,1216,684",
Farscape,FAIL-1,playlist.m3u,https://epg.provider.plex.tv/library/parts/6430aa45fc3be5947780904e-635195e9ccee3e1547a8831a/?X-Plex-Token=tKfzC4xTJkyw3e4K46d8,,
FIFA+,OK-2X,playlist.m3u,https://jmp2.uk/plu-660c2a2d2433010008df7e92.m3u8,"audio
video,1216,684

audio
video,1216,684

audio
video,1216,684

audio
video,1216,684
audio
video,1216,684
audio
video,1216,684",
Fight Network,FAIL-1,playlist.m3u,https://epg.provider.plex.tv/library/parts/6430aa45fc3be5947780904e-606605549dbfca002d2ae877/?X-Plex-Token=tKfzC4xTJkyw3e4K46d8,,
Flashback 70s,FAIL-1,playlist.m3u,https://epg.provider.plex.tv/library/parts/6430aa45fc3be5947780904e-62f15810a3ffe928ef806c75/?X-Plex-Token=tKfzC4xTJkyw3e4K46d8,,
FUEL TV,FAIL-1,playlist.m3u,https://epg.provider.plex.tv/library/parts/6430aa45fc3be5947780904e-62ffc5cfa6cad6f2991745c2/?X-Plex-Token=tKfzC4xTJkyw3e4K46d8,,https://epg.provider.plex.tv/library/parts/6430aa45fc3be5947780904e-62ffc5cfa6cad6f2991745c2/?X-Plex-Token=tKfzC4xTJkyw3e4K46d8: Server returned 404 Not Found
Galxy TV,FAIL-1,playlist.m3u,https://epg.provider.plex.tv/library/parts/6430aa45fc3be5947780904e-621672e42c2627c068e73ad8/?X-Plex-Token=tKfzC4xTJkyw3e4K46d8,,https://epg.provider.plex.tv/library/parts/6430aa45fc3be5947780904e-621672e42c2627c068e73ad8/?X-Plex-Token=tKfzC4xTJkyw3e4K46d8: Server returned 404 Not Found
Glewed TV,FAIL-1,playlist.m3u,https://epg.provider.plex.tv/library/parts/6430aa45fc3be5947780904e-5eea605474085f0040ddc76d/?X-Plex-Token=tKfzC4xTJkyw3e4K46d8,,
GLORY Kickboxing,FAIL-1,playlist.m3u,https://epg.provider.plex.tv/library/parts/6430aa45fc3be5947780904e-63f914bffe2c3d32e1a7929f/?X-Plex-Token=tKfzC4xTJkyw3e4K46d8,,
GrowthDay Network,FAIL-1,playlist.m3u,https://epg.provider.plex.tv/library/parts/6430aa45fc3be5947780904e-6a8786c4fa0d0293e2681b7c/?X-Plex-Token=tKfzC4xTJkyw3e4K46d8,,
GUSTOTV,FAIL-1,playlist.m3u,https://epg.provider.plex.tv/library/parts/6430aa45fc3be5947780904e-5f8746eabd529300418246d9/?X-Plex-Token=tKfzC4xTJkyw3e4K46d8,,
H2O & Friends,OK-2X,playlist.m3u,https://jmp2.uk/stvp-FR1200003GR,"video,426,240
audio
data

video,640,360
audio
data

video,848,480
audio
data

video,1280,720
audio
data

video,1920,1080
audio
data

video,426,240
audio
data
video,640,360
audio
data
video,848,480
audio
data
video,1280,7",
Hard Knocks,OK-2X,playlist.m3u,https://epg.provider.plex.tv/library/parts/6430aa45fc3be5947780904e-5fd115bdb7ef8d002dcf1820/?X-Plex-Token=tKfzC4xTJkyw3e4K46d8,"video,1920,1080
audio

video,1280,720
audio

video,960,540
audio

video,640,360
audio

video,1920,1080
audio
video,1280,720
audio
video,960,540
audio
video,640,360
audio",
Hit List,OK-2X,playlist.m3u,https://epg.provider.plex.tv/library/parts/6430aa45fc3be5947780904e-61aaa014784a2161d3caf7fd/?X-Plex-Token=tKfzC4xTJkyw3e4K46d8,"video,768,432
audio

video,1920,1080
audio

video,768,432
audio
video,1920,1080
audio",
Hunter,OK-2X,playlist.m3u,https://epg.provider.plex.tv/library/parts/6430aa45fc3be5947780904e-66f6b6baac1a1890ef197a4b/?X-Plex-Token=tKfzC4xTJkyw3e4K46d8,"video,1920,1080
audio
data
data





video,1920,1080
audio
data
data",
Ice Pilots NWT,OK-2X,playlist.m3u,https://epg.provider.plex.tv/library/parts/6430aa45fc3be5947780904e-666e1820ce73ed6023b55a11/?X-Plex-Token=tKfzC4xTJkyw3e4K46d8,"video,768,432
audio

video,256,144
audio

video,640,360
audio

video,640,360
audio

video,1280,720
audio

video,1280,720
audio

video,768,432
audio
video,256,144
audio
video,640,360
audio
video,640,360
audio
video,1280,7",
Ideas En 5 Minutos,OK-2X,playlist.m3u,https://epg.provider.plex.tv/library/parts/6430aa45fc3be5947780904e-64a355697d24564fba37bab8/?X-Plex-Token=tKfzC4xTJkyw3e4K46d8,"audio
video,320,180

audio
video,960,540

audio
video,640,360

audio
video,1280,720

audio
video,320,180
audio
video,960,540
audio
video,640,360
audio
video,1280,720",
Inazuma Eleven,OK-2X,playlist.m3u,https://jmp2.uk/plu-611e75226b7f420007c3f319.m3u8,"video,854,480
audio

video,854,480
audio

video,1280,720
audio

video,854,480
audio
video,854,480
audio
video,1280,720
audio",
INTER 24/7,OK-2X,playlist.m3u,https://jmp2.uk/stvp-FR3100002MQ,"video,426,240
audio

video,640,360
audio

video,848,480
audio

video,1280,720
audio

video,1920,1080
audio

video,426,240
audio
video,640,360
audio
video,848,480
audio
video,1280,720
audio
video,1920,1080
audio",
ITV Deportes,FAIL-2,playlist.m3u,https://epg.provider.plex.tv/library/parts/6430aa45fc3be5947780904e-688d3402a6fe30698ab42007/?X-Plex-Token=tKfzC4xTJkyw3e4K46d8,,
JAIL,OK-2X,playlist.m3u,https://epg.provider.plex.tv/library/parts/6430aa45fc3be5947780904e-6448ba1baf92c31f4a190c27/?X-Plex-Token=tKfzC4xTJkyw3e4K46d8,"video,640,360
audio





video,640,360
audio",
JDS.TV,FAIL-1,playlist.m3u,https://epg.provider.plex.tv/library/parts/6430aa45fc3be5947780904e-6a2325c47928efd63cf15995/?X-Plex-Token=tKfzC4xTJkyw3e4K46d8,,https://epg.provider.plex.tv/library/parts/6430aa45fc3be5947780904e-6a2325c47928efd63cf15995/?X-Plex-Token=tKfzC4xTJkyw3e4K46d8: Server returned 404 Not Found
Johnny Carson TV,FAIL-2,playlist.m3u,https://epg.provider.plex.tv/library/parts/6430aa45fc3be5947780904e-60d4edd6b2fdec002c141123/?X-Plex-Token=tKfzC4xTJkyw3e4K46d8,,
Journy,FAIL-1,playlist.m3u,https://epg.provider.plex.tv/library/parts/6430aa45fc3be5947780904e-60a9d105d162b9002d05a60c/?X-Plex-Token=tKfzC4xTJkyw3e4K46d8,,https://epg.provider.plex.tv/library/parts/6430aa45fc3be5947780904e-60a9d105d162b9002d05a60c/?X-Plex-Token=tKfzC4xTJkyw3e4K46d8: Server returned 404 Not Found
Judge Nosey,FAIL-2,playlist.m3u,https://epg.provider.plex.tv/library/parts/6430aa45fc3be5947780904e-5f0ff262d71dcb00449ec018/?X-Plex-Token=tKfzC4xTJkyw3e4K46d8,,
Just For Laughs Gags,FAIL-2,playlist.m3u,https://epg.provider.plex.tv/library/parts/6430aa45fc3be5947780904e-64704954e536e0faaf10be9f/?X-Plex-Token=tKfzC4xTJkyw3e4K46d8,,
Kidoodle TV,FAIL-1,playlist.m3u,https://epg.provider.plex.tv/library/parts/6430aa45fc3be5947780904e-5eea605574085f0040ddc79a/?X-Plex-Token=tKfzC4xTJkyw3e4K46d8,,https://epg.provider.plex.tv/library/parts/6430aa45fc3be5947780904e-5eea605574085f0040ddc79a/?X-Plex-Token=tKfzC4xTJkyw3e4K46d8: Server returned 404 Not Found
Legacy,FAIL-2,playlist.m3u,https://epg.provider.plex.tv/library/parts/6430aa45fc3be5947780904e-69bb1f002028859eafc637e1/?X-Plex-Token=tKfzC4xTJkyw3e4K46d8,,
Léman Bleu (1080p),FAIL-1,playlist.m3u,http://livevideo.infomaniak.com/streaming/livecast/naxoo/playlist.m3u8,,http://livevideo.infomaniak.com/streaming/livecast/naxoo/playlist.m3u8: Server returned 403 Forbidden (access denied)
Les filles d’à côtés TV,FAIL-1,playlist.m3u,https://epg.provider.plex.tv/library/parts/6430aa45fc3be5947780904e-68e03beea4f2aa9b08ed5281/?X-Plex-Token=tKfzC4xTJkyw3e4K46d8,,https://epg.provider.plex.tv/library/parts/6430aa45fc3be5947780904e-68e03beea4f2aa9b08ed5281/?X-Plex-Token=tKfzC4xTJkyw3e4K46d8: Server returned 404 Not Found
Life Down Under,FAIL-1,playlist.m3u,https://epg.provider.plex.tv/library/parts/6430aa45fc3be5947780904e-67c2496d45ae99120c071588/?X-Plex-Token=tKfzC4xTJkyw3e4K46d8,,https://epg.provider.plex.tv/library/parts/6430aa45fc3be5947780904e-67c2496d45ae99120c071588/?X-Plex-Token=tKfzC4xTJkyw3e4K46d8: Server returned 404 Not Found
Lone Star,FAIL-1,playlist.m3u,https://epg.provider.plex.tv/library/parts/6430aa45fc3be5947780904e-6196c9241d310bf925e02616/?X-Plex-Token=tKfzC4xTJkyw3e4K46d8,,
Lucha Plus,FAIL-1,playlist.m3u,https://epg.provider.plex.tv/library/parts/6430aa45fc3be5947780904e-67a1a8ef2358ef4dd5c3018e/?X-Plex-Token=tKfzC4xTJkyw3e4K46d8,,
Made In Hollywood,FAIL-1,playlist.m3u,https://epg.provider.plex.tv/library/parts/6430aa45fc3be5947780904e-60db63d29ec966002c9ea6f0/?X-Plex-Token=tKfzC4xTJkyw3e4K46d8,,
Mayday: Catastrophe Aérienne,OK-2X,playlist.m3u,https://jmp2.uk/plu-686e74c777ed3360cb6908bf.m3u8,"audio
video,1216,684

audio
video,1216,684

audio
video,1216,684

audio
video,1216,684
audio
video,1216,684
audio
video,1216,684",
Metal.Rocks,FAIL-1,playlist.m3u,https://jmp2.uk/stvp-FR44000015M,,https://jmp2.uk/stvp-FR44000015M: Server returned 403 Forbidden (access denied)
Monster Jam,FAIL-1,playlist.m3u,https://epg.provider.plex.tv/library/parts/6430aa45fc3be5947780904e-6615885e1eabecf2c9d56495/?X-Plex-Token=tKfzC4xTJkyw3e4K46d8,,
More U,FAIL-1,playlist.m3u,https://epg.provider.plex.tv/library/parts/6430aa45fc3be5947780904e-6112a9139894c8002c6cb87f/?X-Plex-Token=tKfzC4xTJkyw3e4K46d8,,
MOTUS La Chaine,FAIL-1,playlist.m3u,https://epg.provider.plex.tv/library/parts/6430aa45fc3be5947780904e-63ac5e95c7cce47c86164bca/?X-Plex-Token=tKfzC4xTJkyw3e4K46d8,,https://epg.provider.plex.tv/library/parts/6430aa45fc3be5947780904e-63ac5e95c7cce47c86164bca/?X-Plex-Token=tKfzC4xTJkyw3e4K46d8: Server returned 404 Not Found
Newsmax2,FAIL-1,playlist.m3u,https://epg.provider.plex.tv/library/parts/6430aa45fc3be5947780904e-5fb81660b7ad2d002dcb7335/?X-Plex-Token=tKfzC4xTJkyw3e4K46d8,,
NewsWorld,FAIL-1,playlist.m3u,https://epg.provider.plex.tv/library/parts/6430aa45fc3be5947780904e-66bfb2e6144c201b8b61c10f/?X-Plex-Token=tKfzC4xTJkyw3e4K46d8,,https://epg.provider.plex.tv/library/parts/6430aa45fc3be5947780904e-66bfb2e6144c201b8b61c10f/?X-Plex-Token=tKfzC4xTJkyw3e4K46d8: Server returned 404 Not Found
NFL Channel,OK-2X,playlist.m3u,https://jmp2.uk/plu-6a6a02bd93ac783fe20d1bf7.m3u8,"audio
video,854,480

audio
video,854,480

audio
video,1280,720

audio
video,854,480
audio
video,854,480
audio
video,1280,720",
NHRA TV,FAIL-1,playlist.m3u,https://epg.provider.plex.tv/library/parts/6430aa45fc3be5947780904e-60aeb5cd87f9b1002ce12323/?X-Plex-Token=tKfzC4xTJkyw3e4K46d8,,
Nolly Africa HD,FAIL-1,playlist.m3u,https://epg.provider.plex.tv/library/parts/6430aa45fc3be5947780904e-64b1e1217d4037206787f384/?X-Plex-Token=tKfzC4xTJkyw3e4K46d8,,
Nosey,FAIL-1,playlist.m3u,https://epg.provider.plex.tv/library/parts/6430aa45fc3be5947780904e-5f0ff262d71dcb00449ec015/?X-Plex-Token=tKfzC4xTJkyw3e4K46d8,,
Nosey Escándalos,FAIL-1,playlist.m3u,https://epg.provider.plex.tv/library/parts/6430aa45fc3be5947780904e-6154a863e3e4d9577f96b31a/?X-Plex-Token=tKfzC4xTJkyw3e4K46d8,,
Nothin' But 90s,FAIL-1,playlist.m3u,https://epg.provider.plex.tv/library/parts/6430aa45fc3be5947780904e-62f13eeded056a1db9ef3d54/?X-Plex-Token=tKfzC4xTJkyw3e4K46d8,,
Novelisima,FAIL-1,playlist.m3u,https://epg.provider.plex.tv/library/parts/6430aa45fc3be5947780904e-64d4e82ac5d4668c9cb7b5df/?X-Plex-Token=tKfzC4xTJkyw3e4K46d8,,
Operation Repo,FAIL-1,playlist.m3u,https://epg.provider.plex.tv/library/parts/6430aa45fc3be5947780904e-6578e7b5eef129f30fb38df7/?X-Plex-Token=tKfzC4xTJkyw3e4K46d8,,
Pac-12 Insider,FAIL-1,playlist.m3u,https://epg.provider.plex.tv/library/parts/6430aa45fc3be5947780904e-646c0dfbfb58444e4e1e262d/?X-Plex-Token=tKfzC4xTJkyw3e4K46d8,,
PeliMex,FAIL-1,playlist.m3u,https://epg.provider.plex.tv/library/parts/6430aa45fc3be5947780904e-67db3546d66f778a752f7eaa/?X-Plex-Token=tKfzC4xTJkyw3e4K46d8,,
People are Awesome,FAIL-1,playlist.m3u,https://epg.provider.plex.tv/library/parts/6430aa45fc3be5947780904e-5f0ff263d71dcb00449ec021/?X-Plex-Token=tKfzC4xTJkyw3e4K46d8,,
PFL MMA,FAIL-1,playlist.m3u,https://epg.provider.plex.tv/library/parts/6430aa45fc3be5947780904e-643f0ecd76de2b4015ae6c01/?X-Plex-Token=tKfzC4xTJkyw3e4K46d8,,
PickleTV,FAIL-1,playlist.m3u,https://epg.provider.plex.tv/library/parts/6430aa45fc3be5947780904e-63ec0b739866d8d2120ac759/?X-Plex-Token=tKfzC4xTJkyw3e4K46d8,,
Pitufo TV,FAIL-1,playlist.m3u,https://epg.provider.plex.tv/library/parts/6430aa45fc3be5947780904e-639ba57d3f4612cc150a5723/?X-Plex-Token=tKfzC4xTJkyw3e4K46d8,,https://epg.provider.plex.tv/library/parts/6430aa45fc3be5947780904e-639ba57d3f4612cc150a5723/?X-Plex-Token=tKfzC4xTJkyw3e4K46d8: Server returned 404 Not Found
PLL Network,FAIL-1,playlist.m3u,https://epg.provider.plex.tv/library/parts/6430aa45fc3be5947780904e-66fbfc8ebde73c589ab2af40/?X-Plex-Token=tKfzC4xTJkyw3e4K46d8,,https://epg.provider.plex.tv/library/parts/6430aa45fc3be5947780904e-66fbfc8ebde73c589ab2af40/?X-Plex-Token=tKfzC4xTJkyw3e4K46d8: Server returned 404 Not Found
Pop Adult,FAIL-1,playlist.m3u,https://epg.provider.plex.tv/library/parts/6430aa45fc3be5947780904e-62ee7992271f393d2d9f709c/?X-Plex-Token=tKfzC4xTJkyw3e4K46d8,,
Powernation,FAIL-1,playlist.m3u,https://epg.provider.plex.tv/library/parts/6430aa45fc3be5947780904e-69814bbff871095eafc65925/?X-Plex-Token=tKfzC4xTJkyw3e4K46d8,,
PursuitUP,FAIL-1,playlist.m3u,https://epg.provider.plex.tv/library/parts/6430aa45fc3be5947780904e-63628eb88e4b18ca22f897dc/?X-Plex-Token=tKfzC4xTJkyw3e4K46d8,,
Qwest TV,FAIL-1,playlist.m3u,https://epg.provider.plex.tv/library/parts/6430aa45fc3be5947780904e-60b0f65c0c8ffb002c821a75/?X-Plex-Token=tKfzC4xTJkyw3e4K46d8,,
RACER International,FAIL-1,playlist.m3u,https://epg.provider.plex.tv/library/parts/6430aa45fc3be5947780904e-5f90ebc726350a002d40b136/?X-Plex-Token=tKfzC4xTJkyw3e4K46d8,,https://epg.provider.plex.tv/library/parts/6430aa45fc3be5947780904e-5f90ebc726350a002d40b136/?X-Plex-Token=tKfzC4xTJkyw3e4K46d8: Server returned 404 Not Found
RCM,FAIL-1,playlist.m3u,https://epg.provider.plex.tv/library/parts/6430aa45fc3be5947780904e-66bfb17c144c201b8b61c10d/?X-Plex-Token=tKfzC4xTJkyw3e4K46d8,,
Remember the ‘80s,FAIL-1,playlist.m3u,https://epg.provider.plex.tv/library/parts/6430aa45fc3be5947780904e-61aa9f50784a2161d3caf7fb/?X-Plex-Token=tKfzC4xTJkyw3e4K46d8,,
Revry,FAIL-1,playlist.m3u,https://epg.provider.plex.tv/library/parts/6430aa45fc3be5947780904e-5ef11487d33ab9004048a1d9/?X-Plex-Token=tKfzC4xTJkyw3e4K46d8,,https://epg.provider.plex.tv/library/parts/6430aa45fc3be5947780904e-5ef11487d33ab9004048a1d9/?X-Plex-Token=tKfzC4xTJkyw3e4K46d8: Server returned 404 Not Found
Robot Wars by Mech+,FAIL-1,playlist.m3u,https://epg.provider.plex.tv/library/parts/6430aa45fc3be5947780904e-6470477fe536e0faaf10be9d/?X-Plex-Token=tKfzC4xTJkyw3e4K46d8,,
RTS 3 (720p),FAIL-1,playlist.m3u,http://145.239.5.177/224/index.m3u8,,http://145.239.5.177/224/index.m3u8: Server returned 403 Forbidden (access denied)
RTS Info (1080p),FAIL-1,playlist.m3u,https://rtsinfo-d.akamaized.net/out/v1/2b7ae2e1ba3f43c6aba15bced153baf5/index.m3u8,,https://rtsinfo-d.akamaized.net/out/v1/2b7ae2e1ba3f43c6aba15bced153baf5/index.m3u8: Server returned 403 Forbidden (access denied)
Runtime,OK-2X,playlist.m3u,https://jmp2.uk/stvp-FRBB50000016B,"video,1280,720
audio
data
data

video,960,540
audio
data
data

video,854,480
audio
data
data

video,640,360
audio
data
data

video,1280,720
audio
data
data
video,960,540
audio
data
data
video,854,480
audio
data
data
vide",
Scream'IN,OK-2X,playlist.m3u,https://jmp2.uk/stvp-FRBB4600002K5,"video,640,360
audio

video,960,540
audio

video,1280,720
audio

video,1920,1080
audio

video,640,360
audio
video,960,540
audio
video,1280,720
audio
video,1920,1080
audio",
Shemaroo Bollywood,FAIL-1,playlist.m3u,https://epg.provider.plex.tv/library/parts/6430aa45fc3be5947780904e-62d1a58e520656fda09e609d/?X-Plex-Token=tKfzC4xTJkyw3e4K46d8,,
SKWAD,FAIL-1,playlist.m3u,https://epg.provider.plex.tv/library/parts/6430aa45fc3be5947780904e-5f12332eeca6a20040b328e5/?X-Plex-Token=tKfzC4xTJkyw3e4K46d8,,https://epg.provider.plex.tv/library/parts/6430aa45fc3be5947780904e-5f12332eeca6a20040b328e5/?X-Plex-Token=tKfzC4xTJkyw3e4K46d8: Server returned 404 Not Found
SLOPES,FAIL-1,playlist.m3u,https://epg.provider.plex.tv/library/parts/6430aa45fc3be5947780904e-616df1be2cf008a748c8cb53/?X-Plex-Token=tKfzC4xTJkyw3e4K46d8,,
Smooth Jazz,FAIL-1,playlist.m3u,https://epg.provider.plex.tv/library/parts/6430aa45fc3be5947780904e-62ee784852f7d73061eec493/?X-Plex-Token=tKfzC4xTJkyw3e4K46d8,,
Smurf TV,FAIL-1,playlist.m3u,https://epg.provider.plex.tv/library/parts/6430aa45fc3be5947780904e-639b8d803f4612cc150a5721/?X-Plex-Token=tKfzC4xTJkyw3e4K46d8,,https://epg.provider.plex.tv/library/parts/6430aa45fc3be5947780904e-639b8d803f4612cc150a5721/?X-Plex-Token=tKfzC4xTJkyw3e4K46d8: Server returned 404 Not Found
Sonic TV,FAIL-1,playlist.m3u,https://epg.provider.plex.tv/library/parts/6430aa45fc3be5947780904e-62ba4aaff663580a7238f327/?X-Plex-Token=tKfzC4xTJkyw3e4K46d8,,
Sony One | Favoris,FAIL-1,playlist.m3u,https://epg.provider.plex.tv/library/parts/6430aa45fc3be5947780904e-692229df50fe592fd6d5b7e2/?X-Plex-Token=tKfzC4xTJkyw3e4K46d8,,https://epg.provider.plex.tv/library/parts/6430aa45fc3be5947780904e-692229df50fe592fd6d5b7e2/?X-Plex-Token=tKfzC4xTJkyw3e4K46d8: Server returned 404 Not Found
SPEEDVISION,FAIL-1,playlist.m3u,https://epg.provider.plex.tv/library/parts/6430aa45fc3be5947780904e-6349ed0eb1adc4cfa571fd37/?X-Plex-Token=tKfzC4xTJkyw3e4K46d8,,
Startalk TV,FAIL-1,playlist.m3u,https://epg.provider.plex.tv/library/parts/6430aa45fc3be5947780904e-664292a80e0ec7b4ce5eb28c/?X-Plex-Token=tKfzC4xTJkyw3e4K46d8,,
Stingray Classica Stream,FAIL-1,playlist.m3u,https://epg.provider.plex.tv/library/parts/6430aa45fc3be5947780904e-62d7f68fb19cbf65dc7bef7d/?X-Plex-Token=tKfzC4xTJkyw3e4K46d8,,
Stingray Greatest Hits,FAIL-1,playlist.m3u,https://epg.provider.plex.tv/library/parts/6430aa45fc3be5947780904e-61aa97d4113e1e5137fd5325/?X-Plex-Token=tKfzC4xTJkyw3e4K46d8,,
Stingray Holidayscapes,FAIL-1,playlist.m3u,https://epg.provider.plex.tv/library/parts/6430aa45fc3be5947780904e-654eb862dde2222e8ba551f1/?X-Plex-Token=tKfzC4xTJkyw3e4K46d8,,
Stingray Hot Country,FAIL-1,playlist.m3u,https://epg.provider.plex.tv/library/parts/6430aa45fc3be5947780904e-61aa9e73784a2161d3caf7f9/?X-Plex-Token=tKfzC4xTJkyw3e4K46d8,,
Stingray Karaoke,FAIL-1,playlist.m3u,https://epg.provider.plex.tv/library/parts/6430aa45fc3be5947780904e-62d7f6904d0067dd4d60d0de/?X-Plex-Token=tKfzC4xTJkyw3e4K46d8,,https://epg.provider.plex.tv/library/parts/6430aa45fc3be5947780904e-62d7f6904d0067dd4d60d0de/?X-Plex-Token=tKfzC4xTJkyw3e4K46d8: Server returned 404 Not Found
Stingray Soul Storm,FAIL-1,playlist.m3u,https://epg.provider.plex.tv/library/parts/6430aa45fc3be5947780904e-61aaa17a784a2161d3caf801/?X-Plex-Token=tKfzC4xTJkyw3e4K46d8,,
Strongman Champions,FAIL-1,playlist.m3u,https://epg.provider.plex.tv/library/parts/6430aa45fc3be5947780904e-644b13a3a1c0a5b2024c8403/?X-Plex-Token=tKfzC4xTJkyw3e4K46d8,,
Tennis+,OK-2X,playlist.m3u,https://jmp2.uk/stvp-FR1300004LY,"video,426,240
audio
data

video,640,360
audio
data

video,848,480
audio
data

video,1280,720
audio
data

video,1920,1080
audio
data

video,426,240
audio
data
video,640,360
audio
data
video,848,480
audio
data
video,1280,7",
The Bob Ross Channel,FAIL-1,playlist.m3u,https://epg.provider.plex.tv/library/parts/6430aa45fc3be5947780904e-5efe1de6e0b3f5003f5d9f88/?X-Plex-Token=tKfzC4xTJkyw3e4K46d8,,
The Bold and the Beautiful,FAIL-1,playlist.m3u,https://epg.provider.plex.tv/library/parts/6430aa45fc3be5947780904e-67d9a3d663c5439aeaf61305/?X-Plex-Token=tKfzC4xTJkyw3e4K46d8,,
The Carol Burnett Show,FAIL-1,playlist.m3u,https://epg.provider.plex.tv/library/parts/6430aa45fc3be5947780904e-60d4edd6b2fdec002c141125/?X-Plex-Token=tKfzC4xTJkyw3e4K46d8,,
The Design Network,FAIL-1,playlist.m3u,https://epg.provider.plex.tv/library/parts/6430aa45fc3be5947780904e-5f0641d3e8ffda004033b16e/?X-Plex-Token=tKfzC4xTJkyw3e4K46d8,,
The Ed Sullivan Show,FAIL-1,playlist.m3u,https://epg.provider.plex.tv/library/parts/6430aa45fc3be5947780904e-640205c68ecb41f2d89d5814/?X-Plex-Token=tKfzC4xTJkyw3e4K46d8,,
The Emeril Lagasse Channel,FAIL-1,playlist.m3u,https://epg.provider.plex.tv/library/parts/6430aa45fc3be5947780904e-67294a601055ef3897c73477/?X-Plex-Token=tKfzC4xTJkyw3e4K46d8,,
The Martha Stewart Channel,FAIL-1,playlist.m3u,https://epg.provider.plex.tv/library/parts/6430aa45fc3be5947780904e-672948f0297d4ea7584a2e13/?X-Plex-Token=tKfzC4xTJkyw3e4K46d8,,
The Pet Collective,FAIL-1,playlist.m3u,https://epg.provider.plex.tv/library/parts/6430aa45fc3be5947780904e-5f170d61b898490041b49369/?X-Plex-Token=tKfzC4xTJkyw3e4K46d8,,
The Prof G Channel,FAIL-1,playlist.m3u,https://epg.provider.plex.tv/library/parts/6430aa45fc3be5947780904e-69f52ffb6e5708fb20d36d9c/?X-Plex-Token=tKfzC4xTJkyw3e4K46d8,,
The Spa,FAIL-1,playlist.m3u,https://epg.provider.plex.tv/library/parts/6430aa45fc3be5947780904e-62f11395586633e88e3a3274/?X-Plex-Token=tKfzC4xTJkyw3e4K46d8,,
TNA Wrestling Channel,FAIL-1,playlist.m3u,https://epg.provider.plex.tv/library/parts/6430aa45fc3be5947780904e-606605549dbfca002d2ae873/?X-Plex-Token=tKfzC4xTJkyw3e4K46d8,,
Today's K-Pop,FAIL-1,playlist.m3u,https://epg.provider.plex.tv/library/parts/6430aa45fc3be5947780904e-62ee6eae271f393d2d9f7096/?X-Plex-Token=tKfzC4xTJkyw3e4K46d8,,
Toon Goggles,FAIL-1,playlist.m3u,https://epg.provider.plex.tv/library/parts/6430aa45fc3be5947780904e-5eea605574085f0040ddc794/?X-Plex-Token=tKfzC4xTJkyw3e4K46d8,,https://epg.provider.plex.tv/library/parts/6430aa45fc3be5947780904e-5eea605574085f0040ddc794/?X-Plex-Token=tKfzC4xTJkyw3e4K46d8: Server returned 404 Not Found
Top Sci-Fi,OK-2X,playlist.m3u,https://jmp2.uk/stvp-FR4600001FK,"video,640,360
audio
data

video,848,480
audio
data

video,1280,720
audio
data

video,1920,1080
audio
data

video,640,360
audio
data
video,848,480
audio
data
video,1280,720
audio
data
video,1920,1080
audio
data",
TRACE Brazuca,FAIL-1,playlist.m3u,https://epg.provider.plex.tv/library/parts/6430aa45fc3be5947780904e-6329474265c8569187176338/?X-Plex-Token=tKfzC4xTJkyw3e4K46d8,,
TRACE UK,FAIL-1,playlist.m3u,https://epg.provider.plex.tv/library/parts/6430aa45fc3be5947780904e-66be8cd4871131188099527e/?X-Plex-Token=tKfzC4xTJkyw3e4K46d8,,https://epg.provider.plex.tv/library/parts/6430aa45fc3be5947780904e-66be8cd4871131188099527e/?X-Plex-Token=tKfzC4xTJkyw3e4K46d8: Server returned 404 Not Found
TV5Monde France Belgique Suisse Monaco (1080p) [Geo-blocked],FAIL-1,playlist.m3u,https://ott.tv5monde.com/Content/HLS/Live/channel(fbs)/variant.m3u8,,https://ott.tv5monde.com/Content/HLS/Live/channel(fbs)/variant.m3u8: Server returned 403 Forbidden (access denied)
TV5MONDE Info,FAIL-1,playlist.m3u,https://epg.provider.plex.tv/library/parts/6430aa45fc3be5947780904e-68a799722895f21006e758e4/?X-Plex-Token=tKfzC4xTJkyw3e4K46d8,,https://epg.provider.plex.tv/library/parts/6430aa45fc3be5947780904e-68a799722895f21006e758e4/?X-Plex-Token=tKfzC4xTJkyw3e4K46d8: Server returned 404 Not Found
UFC,OK-2X,playlist.m3u,https://jmp2.uk/plu-67921b78b83355184c667770.m3u8,"audio
video,854,480

audio
video,1024,576

audio
video,1216,684

audio
video,854,480
audio
video,1024,576
audio
video,1216,684",
Un Village Français,OK-2X,playlist.m3u,https://jmp2.uk/plu-6304f2e2eb10450007298023.m3u8,"audio
video,1216,684

audio
video,1216,684

audio
video,1216,684

audio
video,1216,684
audio
video,1216,684
audio
video,1216,684",
Unbeaten,FAIL-1,playlist.m3u,https://epg.provider.plex.tv/library/parts/6430aa45fc3be5947780904e-67f45ef989089d917e1b1634/?X-Plex-Token=tKfzC4xTJkyw3e4K46d8,,https://epg.provider.plex.tv/library/parts/6430aa45fc3be5947780904e-67f45ef989089d917e1b1634/?X-Plex-Token=tKfzC4xTJkyw3e4K46d8: Server returned 404 Not Found
USA TODAY,FAIL-1,playlist.m3u,https://epg.provider.plex.tv/library/parts/6430aa45fc3be5947780904e-60df3e18541143002f3b8607/?X-Plex-Token=tKfzC4xTJkyw3e4K46d8,,
Wasabi,OK-2X,playlist.m3u,https://jmp2.uk/stvp-FRBD41000051L,"video,640,360
audio
data

video,848,480
audio
data

video,1280,720
audio
data

video,1920,1080
audio
data

video,640,360
audio
data
video,848,480
audio
data
video,1280,720
audio
data
video,1920,1080
audio
data",
Watch it Kid,FAIL-1,playlist.m3u,https://epg.provider.plex.tv/library/parts/6430aa45fc3be5947780904e-621672612c2627c068e73ad6/?X-Plex-Token=tKfzC4xTJkyw3e4K46d8,,https://epg.provider.plex.tv/library/parts/6430aa45fc3be5947780904e-621672612c2627c068e73ad6/?X-Plex-Token=tKfzC4xTJkyw3e4K46d8: Server returned 404 Not Found
Watch it SCREAM,FAIL-1,playlist.m3u,https://epg.provider.plex.tv/library/parts/6430aa45fc3be5947780904e-621671d05abdd3d5556a1baf/?X-Plex-Token=tKfzC4xTJkyw3e4K46d8,,
Waypoint TV,FAIL-1,playlist.m3u,https://epg.provider.plex.tv/library/parts/6430aa45fc3be5947780904e-5fd115b8b7ef8d002dcf1817/?X-Plex-Token=tKfzC4xTJkyw3e4K46d8,,
WeatherSpy,FAIL-1,playlist.m3u,https://epg.provider.plex.tv/library/parts/6430aa45fc3be5947780904e-5f0ff266d71dcb00449ec030/?X-Plex-Token=tKfzC4xTJkyw3e4K46d8,,
Wired2Fish,FAIL-1,playlist.m3u,https://epg.provider.plex.tv/library/parts/6430aa45fc3be5947780904e-608a2c722957c9002c6a617b/?X-Plex-Token=tKfzC4xTJkyw3e4K46d8,,
World Billiards TV,FAIL-1,playlist.m3u,https://epg.provider.plex.tv/library/parts/6430aa45fc3be5947780904e-68b9f334fc12601028c5651e/?X-Plex-Token=tKfzC4xTJkyw3e4K46d8,,
World Surf League 24/7,FAIL-1,playlist.m3u,https://epg.provider.plex.tv/library/parts/6430aa45fc3be5947780904e-652875586425fdb1f32d2169/?X-Plex-Token=tKfzC4xTJkyw3e4K46d8,,
XFC TV,FAIL-1,playlist.m3u,https://epg.provider.plex.tv/library/parts/6430aa45fc3be5947780904e-621670feab2095ca85353ad4/?X-Plex-Token=tKfzC4xTJkyw3e4K46d8,,https://epg.provider.plex.tv/library/parts/6430aa45fc3be5947780904e-621670feab2095ca85353ad4/?X-Plex-Token=tKfzC4xTJkyw3e4K46d8: Server returned 404 Not Found
Y2K,FAIL-1,playlist.m3u,https://epg.provider.plex.tv/library/parts/6430aa45fc3be5947780904e-62ee72cc271f393d2d9f7098/?X-Plex-Token=tKfzC4xTJkyw3e4K46d8,,
Ya Que La Vérité La Chaine,FAIL-1,playlist.m3u,https://epg.provider.plex.tv/library/parts/6430aa45fc3be5947780904e-63ae3c6c6d1144b79ce12224/?X-Plex-Token=tKfzC4xTJkyw3e4K46d8,,https://epg.provider.plex.tv/library/parts/6430aa45fc3be5947780904e-63ae3c6c6d1144b79ce12224/?X-Plex-Token=tKfzC4xTJkyw3e4K46d8: Server returned 404 Not Found
Yahoo Finance,FAIL-1,playlist.m3u,https://epg.provider.plex.tv/library/parts/6430aa45fc3be5947780904e-5f170f01b898490041b49dd1/?X-Plex-Token=tKfzC4xTJkyw3e4K46d8,,
Yu-Gi-Oh!,OK-2X,playlist.m3u,https://jmp2.uk/plu-6130d9c712c2b000070abb50.m3u8,"audio
video,854,480

audio
video,854,480

audio
video,1216,684

audio
video,854,480
audio
video,854,480
audio
video,1216,684",
Z Nation,OK-2X,playlist.m3u,https://jmp2.uk/plu-66b227b446762a000846c208.m3u8,"audio
video,854,480

audio
video,1024,576

audio
video,1216,684

audio
video,854,480
audio
video,1024,576
audio
video,1216,684",
ZenLIFE by Stingray,FAIL-1,playlist.m3u,https://epg.provider.plex.tv/library/parts/6430aa45fc3be5947780904e-66fd3e25216b603e031725fe/?X-Plex-Token=tKfzC4xTJkyw3e4K46d8,,https://epg.provider.plex.tv/library/parts/6430aa45fc3be5947780904e-66fd3e25216b603e031725fe/?X-Plex-Token=tKfzC4xTJkyw3e4K46d8: Server returned 404 Not Found
ACTV (504p),FAIL-1,playlist.m3u,https://dlgt0tdl2hpq3.cloudfront.net/rtbf/clr-rtbf/4db788c7/index.m3u8,,timeout
Bel RTL (1080p),FAIL-1,playlist.m3u,https://bel-live-hls.akamaized.net/hls/live/2038650/BEL-Live-HLS/master.m3u8,,https://bel-live-hls.akamaized.net/hls/live/2038650/BEL-Live-HLS/master.m3u8: Server returned 400 Bad Request
Bouke (504p),FAIL-1,playlist.m3u,https://dlgt0tdl2hpq3.cloudfront.net/rtbf/clr-rtbf/e1ccc6aa/index.m3u8,,timeout
BX1 (720p) [Not 24/7],OK-2X,playlist.m3u,https://59959724487e3.streamlock.net/stream/live/playlist.m3u8,"data
video,1280,720
audio

data
video,1280,720
audio",
Canal Zoom [Geo-blocked],FAIL-1,playlist.m3u,https://tvlocales-live.freecaster.com/live/95d2e3af-5ab8-45a9-9dc9-f544d006b5d5/95d2e3af-5ab8-45a9-9dc9-f544d006b5d5.isml/master.m3u8,,https://tvlocales-live.freecaster.com/live/95d2e3af-5ab8-45a9-9dc9-f544d006b5d5/95d2e3af-5ab8-45a9-9dc9-f544d006b5d5.isml/master.m3u8: Server returned 403 Forbidden (access denied)
La Trois (1080p),FAIL-1,playlist.m3u,http://145.239.5.177/330/index.m3u8,,http://145.239.5.177/330/index.m3u8: Server returned 404 Not Found
La Une (720p),FAIL-1,playlist.m3u,http://145.239.5.177/329/index.m3u8,,http://145.239.5.177/329/index.m3u8: Server returned 403 Forbidden (access denied)
"like Gecko) Chrome/120.0.0.0 Safari/537.36 VLC/3.0.21 LibVLC/3.0.21"" group-title=""21 - BELGIQUE FR"",RTL Club",FAIL-1,playlist.m3u,https://7nyaler.streamhostingcdn.top/stream/65/index.m3u8,,https://7nyaler.streamhostingcdn.top/stream/65/index.m3u8: Server returned 404 Not Found
Qu4tre (1080p),FAIL-1,playlist.m3u,https://tvlocales-live.freecaster.com/rtc/95d2f6ec-22f7-4027-b23d-d5372116b2ad/95d2f6ec-22f7-4027-b23d-d5372116b2ad.isml/master.m3u8,,https://tvlocales-live.freecaster.com/rtc/95d2f6ec-22f7-4027-b23d-d5372116b2ad/95d2f6ec-22f7-4027-b23d-d5372116b2ad.isml/master.m3u8: Server returned 403 Forbidden (access denied)
RTL-TVI (1080p) [Not 24/7],FAIL-1,playlist.m3u,https://tvi-live-hls.akamaized.net/hls/live/2038650/TVI-Live-HLS/master.m3u8,,https://tvi-live-hls.akamaized.net/hls/live/2038650/TVI-Live-HLS/master.m3u8: Server returned 400 Bad Request
TeleMB (1080p),FAIL-1,playlist.m3u,https://tvlocales-live.freecaster.com/telemb/95d2f6ca-817a-48c0-aba5-6323a621c2d6/95d2f6ca-817a-48c0-aba5-6323a621c2d6.isml/master.m3u8,,https://tvlocales-live.freecaster.com/telemb/95d2f6ca-817a-48c0-aba5-6323a621c2d6/95d2f6ca-817a-48c0-aba5-6323a621c2d6.isml/master.m3u8: Server returned 403 Forbidden (access denied)
Telesambre (504p),FAIL-1,playlist.m3u,https://dlgt0tdl2hpq3.cloudfront.net/rtbf/clr-rtbf/2f00284b/index.m3u8,,timeout
Tipik (720p),OK-2X,playlist.m3u,http://193.111.198.85:8589/stream/mstv/rtbftipiklive26/master.m3u8?p=967e33767f592e1aaf3d4019f38f380bf784e113b193d89c412d047059d6300d&u=Oleg,"video,1280,720
audio

video,1280,720
audio",
TVcom (1080p),FAIL-1,playlist.m3u,https://tvlocales-live.freecaster.com/tvcom/95d2f656-ba85-4e13-affc-f1936be1a86d/95d2f656-ba85-4e13-affc-f1936be1a86d.isml/master.m3u8,,https://tvlocales-live.freecaster.com/tvcom/95d2f656-ba85-4e13-affc-f1936be1a86d/95d2f656-ba85-4e13-affc-f1936be1a86d.isml/master.m3u8: Server returned 403 Forbidden (access denied)
Vedia (1080p),FAIL-1,playlist.m3u,https://tvlocales-live.freecaster.com/vedia/95d2f480-b0b0-4027-9f4a-057183312305/95d2f480-b0b0-4027-9f4a-057183312305.isml/master.m3u8,,https://tvlocales-live.freecaster.com/vedia/95d2f480-b0b0-4027-9f4a-057183312305/95d2f480-b0b0-4027-9f4a-057183312305.isml/master.m3u8: Server returned 403 Forbidden (access denied)
ViàMatélé (1080p),OK-2X,playlist.m3u,https://5dd226f8f01e8.streamlock.net/via-matele-live/matelelive_1080/playlist.m3u8,"data
video,1920,1080
audio

data
video,1920,1080
audio",
ICI RDI (720p),OK-2X,playlist.m3u,https://rcavlive.akamaized.net/hls/live/704025/xcanrdi/master.m3u8,"video,852,480
audio
data
data
audio

video,852,480
audio
data
data
audio

video,1280,720
audio
data
data
audio

video,640,360
audio
data
data
audio

video,480,270
audio
data
data
audio

video,416,234
audio
data
data
audi",
Medi1TV Afrique (1080p),OK-2X,playlist.m3u,https://cdn.live.easybroadcast.io/abr_corp/83_medi1tv-afrique_tm7tu45/playlist.m3u8,"video,426,240
audio

video,640,360
audio

video,1280,720
audio

video,1920,1080
audio

video,426,240
audio
video,640,360
audio
video,1280,720
audio
video,1920,1080
audio",
Pluto TV ANIME GO!,OK-2X,playlist.m3u,https://jmp2.uk/plu-691b3669c48674840c3b832a.m3u8,"audio
video,854,480

audio
video,1024,576

audio
video,1216,684

audio
video,854,480
audio
video,1024,576
audio
video,1216,684",
Pluto TV Aventure,OK-2X,playlist.m3u,https://jmp2.uk/plu-611e7811eb9daf000764cbfd.m3u8,"audio
video,854,480

audio
video,854,480

audio
video,1280,720

audio
video,854,480
audio
video,854,480
audio
video,1280,720",
TV5 Quebec Canada (1080p),FAIL-1,playlist.m3u,http://23.133.220.149/TV5/index.m3u8,,http://23.133.220.149/TV5/index.m3u8: Server returned 400 Bad Request
TVA [Geo-blocked],FAIL-1,playlist.m3u,https://tvalive-dai01.akamaized.net/Content/HLS/Live/channel(575b93c5-be31-ee34-6285-14620fd14048)/index.m3u8,,https://tvalive-dai01.akamaized.net/Content/HLS/Live/channel(575b93c5-be31-ee34-6285-14620fd14048)/index.m3u8: Server returned 403 Forbidden (access denied)
LCN [Geo-blocked],FAIL-1,playlist.m3u,https://tvalive.akamaized.net/hls/live/2014213/tvan01/tvan01.m3u8,,https://tvalive.akamaized.net/hls/live/2014213/tvan01/tvan01.m3u8: Server returned 403 Forbidden (access denied)
Legislative Assembly of Ontario,FAIL-1,playlist.m3u,https://temp3.isilive.ca/live/_definst_/ontla/house-en/playlist.m3u8,,[tcp @ 0x5645d449af40] Failed to resolve hostname temp3.isilive.ca: Name or service not known https://temp3.isilive.ca/live/_definst_/ontla/house-en/playlist.m3u8: Input/output error
TV5 Unis,FAIL-1,playlist.m3u,http://23.133.220.149/Unis_TV/index.m3u8,,http://23.133.220.149/Unis_TV/index.m3u8: Server returned 404 Not Found
20 Minutes TV (1080p),OK-2X,playlist.m3u,https://live-20minutestv.digiteka.com/1961167769/index.m3u8,"audio
video,426,240

audio
video,640,360

audio
video,852,480

audio
video,1280,720

audio
video,1920,1080

audio
video,426,240
audio
video,640,360
audio
video,852,480
audio
video,1280,720
audio
video,1920,1080",
Brionnais TV (720p),OK-2X,playlist.m3u,https://stream2.mandarine.media/brionnaistv/brionnaistv/playlist.m3u8,"data
video,1280,720
audio

data
video,1280,720
audio",
Cannes Lérins TV (1080p),OK-2X,playlist.m3u,https://vdo2.pro-fhi.net:3628/live/uppodsfqlive.m3u8,"video,1920,1080
audio

video,1920,1080
audio",
ILTV (720p),FAIL-1,playlist.m3u,https://live.creacast.com/iltv/smil:iltv.smil/playlist.m3u8,,https://live.creacast.com/iltv/smil:iltv.smil/playlist.m3u8: Server returned 403 Forbidden (access denied)
Le Figaro IDF (1080p),OK-2X,playlist.m3u,https://figarotv-live.freecaster.com/live/freecaster/figarotv.m3u8,"audio
video,640,360

audio
video,1280,720

audio
video,1920,1080

audio
video,640,360
audio
video,1280,720
audio
video,1920,1080",
Puissance TV,OK-2X,playlist.m3u,https://event.vedge.infomaniak.com/livecast/ik:puissancetelevision/manifest.m3u8,"data
video,1920,1080
audio

data
video,1280,720
audio

data
video,854,480
audio

data
video,640,360
audio

data
video,1920,1080
audio
data
video,1280,720
audio
data
video,854,480
audio
data
video,640,360
audio",
Rhône TV (1080p) [Geo-blocked],FAIL-1,playlist.m3u,https://edge14.vedge.infomaniak.com/livecast/ik:rhonetv/manifest.m3u8,,https://edge14.vedge.infomaniak.com/livecast/ik:rhonetv/manifest.m3u8: Server returned 403 Forbidden (access denied)
T18 (1080p),OK-2X,playlist.m3u,https://raw.githubusercontent.com/Paradise-91/ParaTV/main/streams/t18/t18-dm.m3u8,"video,848,480
audio

video,320,184
audio

video,512,288
audio

video,1280,720
audio

video,1920,1080
audio

video,848,480
audio
video,320,184
audio
video,512,288
audio
video,1280,720
audio
video,1920,1080
audio",
TéléGohelle,FAIL-1,playlist.m3u,https://videas.agglo-lenslievin.fr/index.m3u8,,https://videas.agglo-lenslievin.fr/index.m3u8: Server returned 404 Not Found
TV3V (720p),OK-2X,playlist.m3u,https://tv3v.live-kd.com/live/tv3v/livestream/index.m3u8,"data
video,1280,720
audio

data
video,1280,720
audio",
TV7 Colmar (576p),OK-2X,playlist.m3u,https://tv7.live-kd.com/live/tv7/livestream/playlist.m3u8,"data
video,1024,576
audio

data
video,1024,576
audio",
TV78 (720p),FAIL-1,playlist.m3u,https://streamtv.cdn.dvmr.fr/TV78/ngrp:tv78.stream_all/master.m3u8,,https://streamtv.cdn.dvmr.fr/TV78/ngrp:tv78.stream_all/master.m3u8: Server returned 404 Not Found
TVR (Bretagne) (720p),FAIL-1,playlist.m3u,https://streamtv.cdn.dvmr.fr/TVR/ngrp:tvr.stream_all/master.m3u8,,https://streamtv.cdn.dvmr.fr/TVR/ngrp:tvr.stream_all/master.m3u8: Server returned 404 Not Found
viàMoselleTV (720p) [Not 24/7],FAIL-1,playlist.m3u,https://live.creacast.com/mirabelletv/smil:mirabelletv.smil/playlist.m3u8,,https://live.creacast.com/mirabelletv/smil:mirabelletv.smil/playlist.m3u8: Server returned 403 Forbidden (access denied)
viàOccitanie (540p) [Not 24/7],FAIL-1,playlist.m3u,https://streamer01.myvideoplace.tv/streamer02/hls/MDS_VIA_PAD_301117.m3u8,,https://streamer01.myvideoplace.tv/streamer02/hls/MDS_VIA_PAD_301117.m3u8: Server returned 5XX Server Error reply
viàTéléPaese (720p),OK-2X,playlist.m3u,https://srv.webtvmanager.fr:3970/live/viatelepaeselive.m3u8,"video,1280,720
audio

video,1280,720
audio",
Vosges Télévision (576p) [Not 24/7],OK-2X,playlist.m3u,https://vosgestv.live-kd.com/live/vosgestv/vosgestv/playlist.m3u8,"data
video,720,576
audio

data
video,720,576
audio",
A12 TV,OK-2X,playlist.m3u,https://video1.getstreamhosting.com:1936/8250/8250/manifest.m3u8,"data
video,1280,720
audio

data
video,1280,720
audio",
ADN TV+ (720p),OK-2X,playlist.m3u,https://d3b73b34o7cvkq.cloudfront.net/v1/master/3722c60a815c199d9c0ef36c5b73da68a62b09d1/cc-gz2sgqzp076kf/adn.m3u8,"video,1280,720
audio
data
data

video,960,540
audio
data
data

video,854,480
audio
data
data

video,640,360
audio
data
data

video,1280,720
audio
data
data
video,960,540
audio
data
data
video,854,480
audio
data
data
vide",
DBM TV (1080p),OK-2X,playlist.m3u,https://dbmtv.vedge.infomaniak.com/livecast/dbmtv/playlist.m3u8,"data
video,1920,1080
audio

data
video,1920,1080
audio",
Gong (1080p),OK-2X,playlist.m3u,https://amg01596-gongnetworks-gong-ono-vh5f2.amagi.tv/1080p-vtt/index.m3u8,"video,1920,1080
audio
data

video,1920,1080
audio
data",
HANDICAP TV France,OK-2X,playlist.m3u,https://srv.webtvmanager.fr:3697/stream/play.m3u8,"video,1280,720
audio

video,1280,720
audio",
Antenne Réunion (720p) [Not 24/7],FAIL-1,playlist.m3u,https://live-antenne-reunion.zeop.tv/live/c3eds/antreunihd/hls_fta/antreunihd.m3u8?location=ZEOP01,,timeout
Identité Télé Caraïbes (548p),OK-2X,playlist.m3u,https://vdo2.pro-fhi.net:3769/stream/play.m3u8,"video,1280,536
audio

video,1280,536
audio",
RHT Guadeloupe (720p),OK-2X,playlist.m3u,https://edge12.vedge.infomaniak.com/livecast/ik:livehautetension/manifest.m3u8,"data
video,1280,720
audio

data
video,1280,720
audio",
Télé Péyi (720p),OK-2X,playlist.m3u,https://edge20.vedge.infomaniak.com/livecast/ik:33dm06/manifest.m3u8,"data
video,0,0
audio

data
video,1280,720
audio

data
video,0,0
audio
data
video,1280,720
audio",
Tele Zoukla,OK-2X,playlist.m3u,https://vdo.pro-fhi.net:3228/stream/play.m3u8,"video,1280,720
audio

video,1280,720
audio",
TNTV (1080p),FAIL-1,playlist.m3u,https://tntv-samsung-fr.amagi.tv/playlist.m3u8,,[tcp @ 0x56245a80df40] Failed to resolve hostname tntv-samsung-fr.amagi.tv: Name or service not known https://tntv-samsung-fr.amagi.tv/playlist.m3u8: Input/output error
Trace Ayiti (1080p),OK-2X,playlist.m3u,https://channels.trace.plus/Traceprod/AYITI_hd/index.m3u8,"video,1280,720
audio

video,1280,720
audio",
Trace Caribbean (1080p),OK-2X,playlist.m3u,https://channels.trace.plus/Traceprod/CARIBBEAN_hd/index.m3u8,"video,1280,720
audio

video,1280,720
audio",
Trace Vanilla Islands (1080p),OK-2X,playlist.m3u,https://channels.trace.plus/Traceprod/VANILLA_hd/index.m3u8,"video,1280,720
audio

video,1280,720
audio",
TVCARiB (720p) [Not 24/7],FAIL-1,playlist.m3u,https://cdn.mycloudstream.io/hls/live/broadcast/s6nitpvn/index.m3u8,,https://cdn.mycloudstream.io/hls/live/broadcast/s6nitpvn/index.m3u8: Server returned 404 Not Found
ViàATV (1080p) [Geo-blocked],FAIL-1,playlist.m3u,https://streamer01.myvideoplace.tv/streamer02/hls/ATV_DIRECT_EV_111018.m3u8,,https://streamer01.myvideoplace.tv/streamer02/hls/ATV_DIRECT_EV_111018.m3u8: Server returned 5XX Server Error reply
A2i Naija (720p) [Not 24/7],FAIL-1,playlist.m3u,https://stream.sen-gt.com/A2iNaija/myStream/playlist.m3u8,,https://stream.sen-gt.com/A2iNaija/myStream/playlist.m3u8: Server returned 404 Not Found
ADO TV (720p),OK-2X,playlist.m3u,https://strhls.streamakaci.tv/ortb/ortb2-multi/playlist.m3u8,"video,1280,720
audio

video,854,480
audio

video,640,360
audio

video,1280,720
audio
video,854,480
audio
video,640,360
audio",
Africa 24 (1080p),OK-2X,playlist.m3u,https://africa24.vedge.infomaniak.com/livecast/ik:africa24/manifest.m3u8,"data
video,1920,1080
audio

data
video,1920,1080
audio",
Afrik Info TV,OK-2X,playlist.m3u,https://kali.vdopanel.com:3119/hybrid/play.m3u8,"video,854,480
audio

video,854,480
audio",
Afrique Media (720p),FAIL-1,playlist.m3u,https://cloud.odysee.live/content/fe06b3cdc9412e359368b2455b6ea5e93856e382/master.m3u8,,https://cloud.odysee.live/content/fe06b3cdc9412e359368b2455b6ea5e93856e382/master.m3u8: Server returned 403 Forbidden (access denied)
Afrique54 TV (720p),FAIL-1,playlist.m3u,https://video1.getstreamhosting.com:1936/8318/8318/playlist.m3u8,,https://video1.getstreamhosting.com:1936/8318/8318/playlist.m3u8: Server returned 403 Forbidden (access denied)
Afro Magic Channel,OK-2X,playlist.m3u,https://video1.getstreamhosting.com:1936/8306/8306/playlist.m3u8,"data
video,1920,1080
audio

data
video,1920,1080
audio",
Amani TV (1080p) [Not 24/7],FAIL-1,playlist.m3u,https://goccn.cloud/hls/amanitv/index.m3u8,,https://goccn.cloud/hls/amanitv/index.m3u8: Invalid data found when processing input
Baraka Television (720p) [Not 24/7],OK-2X,playlist.m3u,https://stream.berosat.live:19360/baraka-hd/baraka-hd.m3u8,"video,1280,720
audio

video,1280,720
audio",
Bénin Web TV (720p),FAIL-1,playlist.m3u,https://stream.beninwebtv.bj/2/live/stream.m3u8,,"https://stream.beninwebtv.bj/2/live/stream.m3u8: Server returned 4XX Client Error, but not one of 40{0,1,3,4}"
CAM 10 TV (720p),OK-2X,playlist.m3u,https://stream.it-innov.com/cam10tv/index.m3u8,"video,1920,1080
audio

video,1920,1080
audio",
Canaf54 TV,OK-2X,playlist.m3u,https://5caf24a595d94.streamlock.net:1937/pvyugfkzkc/pvyugfkzkc/playlist.m3u8,"data
video,854,480
audio

data
video,854,480
audio",
CRTV (576p),FAIL-1,playlist.m3u,http://145.239.5.177/147/index.m3u8,,http://145.239.5.177/147/index.m3u8: Server returned 403 Forbidden (access denied)
CRTV News,OK-2X,playlist.m3u,https://live1.acangroup.org:1929/publiclive/crtv_news/playlist.m3u8,"video,1920,1080
audio

video,1920,1080
audio",
Digital Congo TV,FAIL-1,playlist.m3u,http://51.254.199.122:8080/DigitalCongoTV/index.m3u8,,[tcp @ 0x55c54d74a540] Connection to tcp://51.254.199.122:8080 failed: Connection timed out http://51.254.199.122:8080/DigitalCongoTV/index.m3u8: Connection timed out
DRTV International,OK-2X,playlist.m3u,https://vps122407.serveur-vps.net/hls/drtv.m3u8,"video,1280,720
audio

video,1280,720
audio",
Eden TV (540p) [Not 24/7],OK-2X,playlist.m3u,https://rtmp.edentv.bj/hls/stream.m3u8,"video,1280,720
audio

video,1280,720
audio",
Espace TV (1080p),OK-2X,playlist.m3u,https://edge11.vedge.infomaniak.com/livecast/ik:espacetv/manifest.m3u8,"data
video,720,576
audio

data
video,720,576
audio",
EVI TV (720p),OK-2X,playlist.m3u,https://mistserver.evi-tv.com/hls/evi_tv_live/index.m3u8,"video,1920,1080
audio

video,1920,1080
audio",
Exploits TV,FAIL-1,playlist.m3u,https://stream.berosat.live/hls/exploits-tv/exploits-tv.m3u8,,https://stream.berosat.live/hls/exploits-tv/exploits-tv.m3u8: Server returned 404 Not Found
Francophonie24 (1080p),OK-2X,playlist.m3u,https://5421175365ea3.streamlock.net/live/smil:switch.smil/playlist.m3u8,"data
video,1920,1080
audio

data
video,1280,720
audio

data
video,854,480
audio


data
video,1920,1080
audio
data
video,1280,720
audio
data
video,854,480
audio",
GMS TV,OK-2X,playlist.m3u,https://acasmedia6.acangroup.org/gmstv/gmstv_output/playlist.m3u8,"audio
video,1920,1080

audio
video,1920,1080",
Impact TV,FAIL-1,playlist.m3u,https://edge11.vedge.infomaniak.com/livecast/ik:impacttv-2/manifest.m3u8,,https://edge11.vedge.infomaniak.com/livecast/ik:impacttv-2/manifest.m3u8: Server returned 404 Not Found
Ivoire Channel (720p),OK-2X,playlist.m3u,https://video1.getstreamhosting.com:1936/8244/8244/playlist.m3u8,"data
video,720,576
audio

data
video,720,576
audio",
Kalac TV (1080p),OK-2X,playlist.m3u,https://edge13.vedge.infomaniak.com/livecast/ik:kalactv/chunklist_w280736538.m3u8,"data
video,1920,1080
audio

data
video,1920,1080
audio",
KassouaTV (720p),FAIL-1,playlist.m3u,https://playtv4k.live/live/kassouatv/index.m3u8,,https://playtv4k.live/live/kassouatv/index.m3u8: Server returned 404 Not Found
Kemet TV,FAIL-1,playlist.m3u,https://kemettv.cm/memfs/4e7fb105-9f92-4e8d-a7cd-09923f17a577.m3u8,,https://kemettv.cm/memfs/4e7fb105-9f92-4e8d-a7cd-09923f17a577.m3u8: Server returned 404 Not Found
Kin24,FAIL-1,playlist.m3u,http://51.254.199.122:8080/kin24/index.m3u8,,[tcp @ 0x55e2fb01d540] Connection to tcp://51.254.199.122:8080 failed: Connection timed out http://51.254.199.122:8080/kin24/index.m3u8: Connection timed out
Louga TV (480p),OK-2X,playlist.m3u,https://stream.sen-gt.com/Mbacke/myStream/playlist.m3u8,"data
video,854,480
audio

data
video,854,480
audio",
NTV Afrique (1080p) [Not 24/7],OK-2X,playlist.m3u,https://strhlslb01.streamakaci.tv/str_ntv_ntv/str_ntv_ntv_multi/playlist.m3u8,"video,1920,1080
audio

video,1280,720
audio

video,640,360
audio

video,1920,1080
audio
video,1280,720
audio
video,640,360
audio",
ORTM 1 (540p) [Not 24/7],FAIL-1,playlist.m3u,http://69.64.57.208/ortm/playlist.m3u8,,http://69.64.57.208/ortm/playlist.m3u8: Server returned 404 Not Found
Panafrican Media TV (480p),FAIL-1,playlist.m3u,https://live20.bozztv.com/giatv/giatv-pmtv/pmtv/playlist.m3u8,,https://live20.bozztv.com/giatv/giatv-pmtv/pmtv/playlist.m3u8: Server returned 404 Not Found
RTB (360p) [Not 24/7],FAIL-1,playlist.m3u,https://edge12.vedge.infomaniak.com/livecast/ik:rtblive1_8/manifest.m3u8,,https://edge12.vedge.infomaniak.com/livecast/ik:rtblive1_8/manifest.m3u8: Server returned 403 Forbidden (access denied)
RTI 1 (1080p),OK-2X,playlist.m3u,https://video1.getstreamhosting.com:1936/8336/8336/playlist.m3u8,"data
video,1280,720
audio

data
video,1280,720
audio",
RTNC 3,FAIL-1,playlist.m3u,http://51.254.199.122:8080/e-cableRTNC3/index.m3u8,,[tcp @ 0x5616a9407540] Connection to tcp://51.254.199.122:8080 failed: Connection timed out http://51.254.199.122:8080/e-cableRTNC3/index.m3u8: Connection timed out
RTV Rwanda (480p) [Not 24/7],OK-2X,playlist.m3u,http://197.243.19.131:1935/rtv25/rtv/chunklist.m3u8,"data
video,1920,1080
audio

data
video,1920,1080
audio",
Saraounia TV,FAIL-1,playlist.m3u,https://live20.bozztv.com/dvrfl06/astv/astv-saraouna/index.m3u8,,https://live20.bozztv.com/dvrfl06/astv/astv-saraouna/index.m3u8: Server returned 403 Forbidden (access denied)
Savane TV,OK-2X,playlist.m3u,https://savane24.tv:5443/LiveApp/streams/Y4fyif69Q0ll6MeH2190896734859843.m3u8,"video,1280,720
audio

video,1280,720
audio",
Seneweb TV [Geo-blocked],OK-2X,playlist.m3u,https://vdo2.pro-fhi.net:3297/stream/play.m3u8,"video,1280,720
audio

video,1280,720
audio",
Télé Congo (720p),FAIL-1,playlist.m3u,http://51.254.199.122:8080/telecongo/index.m3u8,,[tcp @ 0x564b085a1540] Connection to tcp://51.254.199.122:8080 failed: Connection timed out http://51.254.199.122:8080/telecongo/index.m3u8: Connection timed out
Tele Sahel (1080p),OK-2X,playlist.m3u,https://mediaserver1.castpin.com/hls/telesahel/index.m3u8,"audio
video,1920,1080

audio
video,1920,1080",
Tele Tchad (1080p),FAIL-1,playlist.m3u,https://strhlslb01.streamakaci.tv/str_tchad_tchad/str_tchad_multi/playlist.m3u8,,timeout
Trace Ivoire (1080p),OK-2X,playlist.m3u,https://channels.trace.plus/Traceprod/TRACE_IVOIRE_hd/index.m3u8,"video,1280,720
audio

video,1280,720
audio",
Trace Kitoko (1080p),OK-2X,playlist.m3u,https://channels.trace.plus/Traceprod/KITOKO_hd/index.m3u8,"video,1280,720
audio

video,1280,720
audio",
Trace Mboa (1080p),OK-2X,playlist.m3u,https://channels.trace.plus/Traceprod/MBOA_hd/index.m3u8,"video,1280,720
audio

video,1280,720
audio",
Trace Muzika (1080p),OK-2X,playlist.m3u,https://channels.trace.plus/Traceprod/MUZIKA_hd/index.m3u8,"video,1280,720
audio

video,1280,720
audio",
Trace Teranga (1080p),OK-2X,playlist.m3u,https://channels.trace.plus/Traceprod/TERANGA_hd/index.m3u8,"video,1280,720
audio

video,1280,720
audio",
Trace Urban Africa Franco (1080p),OK-2X,playlist.m3u,https://channels.trace.plus/Traceprod/URBAN_AFRIC_FR_hd/index.m3u8,"video,1280,720
audio

video,1280,720
audio",
TVC Bénin (720p),OK-2X,playlist.m3u,https://live.tvcbenin.com/direct/729c37a1d3319ee21991227b1f84c687.sdp/playlist.m3u8,"video,1280,720
audio

video,1280,720
audio",
Alerte à Malibu,OK-2X,playlist.m3u,https://jmp2.uk/stvp-FRBC4700002RF,"video,640,360
audio

video,960,540
audio

video,1280,720
audio

video,1920,1080
audio

video,640,360
audio
video,960,540
audio
video,1280,720
audio
video,1920,1080
audio",
Alerte Cobra,OK-2X,playlist.m3u,https://jmp2.uk/plu-62f3e4bc08f5ec000744f552.m3u8,"audio
video,854,480

audio
video,1024,576

audio
video,1216,684

audio
video,854,480
audio
video,1024,576
audio
video,1216,684",
Avatar,FAIL-1,playlist.m3u,https://jmp2.uk/plu-60b4c17a81e29300071d3a39.m3u8,,https://jmp2.uk/plu-60b4c17a81e29300071d3a39.m3u8: Server returned 404 Not Found
Barbie & Friends,OK-2X,playlist.m3u,https://jmp2.uk/plu-686e7499e0ecf0e0cc25dbe3.m3u8,"audio
video,854,480

audio
video,1024,576

audio
video,1216,684

audio
video,854,480
audio
video,1024,576
audio
video,1216,684",
Blue Bloods,OK-2X,playlist.m3u,https://jmp2.uk/plu-66f55a9a747bfa0008521859.m3u8,"audio
video,854,480
data

audio
video,1024,576
data

audio
video,1280,720
data

audio
video,854,480
data
audio
video,1024,576
data
audio
video,1280,720
data",
C'est pas sorcier,OK-2X,playlist.m3u,https://jmp2.uk/plu-63b579961bdba100071214cb.m3u8,"audio
video,854,480

audio
video,854,480

audio
video,1280,720

audio
video,854,480
audio
video,854,480
audio
video,1280,720",
Charlotte aux Fraises,OK-2X,playlist.m3u,https://jmp2.uk/plu-60dc6937b450ad0007377e48.m3u8,"video,854,480
audio

video,854,480
audio

video,1280,720
audio

video,854,480
audio
video,854,480
audio
video,1280,720
audio",
Cheers,OK-2X,playlist.m3u,https://jmp2.uk/plu-65cce14060eb870008dbd003.m3u8,"audio
video,854,480

audio
video,1024,576

audio
video,1216,684

audio
video,854,480
audio
video,1024,576
audio
video,1216,684",
Cut,OK-2X,playlist.m3u,https://jmp2.uk/plu-691b351d427d68a118fdda13.m3u8,"audio
video,854,480

audio
video,1024,576

audio
video,1216,684

audio
video,854,480
audio
video,1024,576
audio
video,1216,684",
Daria,OK-2X,playlist.m3u,https://jmp2.uk/plu-6683b680efa2a10008e8a393.m3u8,"audio
video,854,480

audio
video,1024,576

audio
video,1216,684

audio
video,854,480
audio
video,1024,576
audio
video,1216,684",
Dawson,OK-2X,playlist.m3u,https://jmp2.uk/plu-69aadc5551df9542f2521e1a.m3u8,"audio
video,854,480

audio
video,1024,576

audio
video,1216,684

audio
video,854,480
audio
video,1024,576
audio
video,1216,684",
DAZN Ringside,OK-2X,playlist.m3u,https://jmp2.uk/plu-64d626ac9b414d000820e2fc.m3u8,"audio
video,1024,576

audio
video,1216,684

audio
video,1216,684

audio
video,1024,576
audio
video,1216,684
audio
video,1216,684",
Degrassi,OK-2X,playlist.m3u,https://jmp2.uk/plu-611e71322f5f180007001dde.m3u8,"video,854,480
audio

video,854,480
audio

video,1280,720
audio

video,854,480
audio
video,854,480
audio
video,1280,720
audio",
Detective Conan France (720p),OK-2X,playlist.m3u,https://jmp2.uk/plu-62f3e8ad2a8e8000077b013d.m3u8,"video,854,480
audio

video,854,480
audio

video,1280,720
audio

video,854,480
audio
video,854,480
audio
video,1280,720
audio",
Digimon Adventure,OK-2X,playlist.m3u,https://jmp2.uk/plu-617bae1d69bca3000729561e.m3u8,"video,854,480
audio

video,854,480
audio

video,1280,720
audio

video,854,480
audio
video,854,480
audio
video,1280,720
audio",
Doraemon,OK-2X,playlist.m3u,https://jmp2.uk/plu-68b17414c23bb80b3c1d5bb5.m3u8,"audio
video,854,480

audio
video,1024,576

audio
video,1216,684

audio
video,854,480
audio
video,1024,576
audio
video,1216,684",
Dossiers FBI,OK-2X,playlist.m3u,https://jmp2.uk/plu-5f8edad922b10b000753bc37.m3u8,"audio
video,854,480

audio
video,1024,576

audio
video,1216,684

audio
video,854,480
audio
video,1024,576
audio
video,1216,684",
Echappées Belles & Co,OK-2X,playlist.m3u,https://jmp2.uk/plu-63b578b524f0cf00072f2a52.m3u8,"audio
video,1216,684

audio
video,1216,684

audio
video,1216,684

audio
video,1216,684
audio
video,1216,684
audio
video,1216,684",
Faites entrer l'accusé,OK-2X,playlist.m3u,https://jmp2.uk/plu-662a622b5e2370000800f392.m3u8,"audio
video,854,480

audio
video,1024,576

audio
video,1216,684

audio
video,854,480
audio
video,1024,576
audio
video,1216,684",
Flashpoint,OK-2X,playlist.m3u,https://jmp2.uk/plu-66d71ff86b63480008cf15c5.m3u8,"audio
video,854,480

audio
video,1024,576

audio
video,1216,684

audio
video,854,480
audio
video,1024,576
audio
video,1216,684",
Hélène et les garçons,OK-2X,playlist.m3u,https://jmp2.uk/plu-604f8de01b479400078fb1e7.m3u8,"video,854,480
audio

video,854,480
audio

video,1280,720
audio

video,854,480
audio
video,854,480
audio
video,1280,720
audio",
House of Creators,OK-2X,playlist.m3u,https://jmp2.uk/plu-6a1ea44109705ebdf73b7c49.m3u8,"audio
video,1216,684

audio
video,1216,684

audio
video,1216,684

audio
video,1216,684
audio
video,1216,684
audio
video,1216,684",
iCarly TV,OK-2X,playlist.m3u,https://jmp2.uk/plu-5f8ecc7aa44d9c00081fca29.m3u8,"audio
video,854,480

audio
video,1024,576

audio
video,1216,684

audio
video,854,480
audio
video,1024,576
audio
video,1216,684",
INA 70,OK-2X,playlist.m3u,https://jmp2.uk/plu-639b54404cfdf7000729b3c1.m3u8,"audio
video,1216,684

audio
video,1216,684

audio
video,1216,684

audio
video,1216,684
audio
video,1216,684
audio
video,1216,684",
Inazuma Eleven,OK-2X,playlist.m3u,https://jmp2.uk/stvp-FR2100003H7,"video,426,240
audio
data

video,640,360
audio
data

video,848,480
audio
data

video,1280,720
audio
data

video,1920,1080
audio
data

video,426,240
audio
data
video,640,360
audio
data
video,848,480
audio
data
video,1280,7",
Incroyables Transformations,OK-2X,playlist.m3u,https://jmp2.uk/plu-66f55d205e4a6e0008c2b92b.m3u8,"audio
video,1216,684

audio
video,1216,684

audio
video,1216,684

audio
video,1216,684
audio
video,1216,684
audio
video,1216,684",
Instant Saga,OK-2X,playlist.m3u,https://jmp2.uk/plu-60549e98061b5f000776866a.m3u8,"audio
video,1216,684

audio
video,1216,684

audio
video,1216,684

audio
video,1216,684
audio
video,1216,684
audio
video,1216,684",
JAG,OK-2X,playlist.m3u,https://jmp2.uk/plu-65ccd26060eb870008db95fc.m3u8,"audio
video,854,480

audio
video,1024,576

audio
video,1216,684

audio
video,854,480
audio
video,1024,576
audio
video,1216,684",
Juste pour Rire GAGS,OK-2X,playlist.m3u,https://jmp2.uk/plu-60afa1508284e60007163c08.m3u8,"audio
video,854,480

audio
video,854,480

audio
video,1280,720

audio
video,854,480
audio
video,854,480
audio
video,1280,720",
La Moderna,OK-2X,playlist.m3u,https://jmp2.uk/plu-691b334a1308fa77bb056b0e.m3u8,"audio
video,854,480

audio
video,1024,576

audio
video,1216,684

audio
video,854,480
audio
video,1024,576
audio
video,1216,684",
Le miracle de l'amour,OK-2X,playlist.m3u,https://jmp2.uk/plu-60549c238c3f21000753d3e0.m3u8,"video,854,480
audio

video,854,480
audio

video,1280,720
audio

video,854,480
audio
video,854,480
audio
video,1280,720
audio",
Les Anges,OK-2X,playlist.m3u,https://jmp2.uk/plu-66b228d4cd0d3100085d27b7.m3u8,"audio
video,854,480

audio
video,1024,576

audio
video,1216,684

audio
video,854,480
audio
video,1024,576
audio
video,1216,684",
Les Années fac,OK-2X,playlist.m3u,https://jmp2.uk/plu-60afae68a7fc50000737186d.m3u8,"video,854,480
audio

video,854,480
audio

video,1280,720
audio

video,854,480
audio
video,854,480
audio
video,1280,720
audio",
Les filles d'à côté,OK-2X,playlist.m3u,https://jmp2.uk/stvp-FRBC47000054S,"video,640,360
audio

video,960,540
audio

video,1280,720
audio

video,1920,1080
audio

video,640,360
audio
video,960,540
audio
video,1280,720
audio
video,1920,1080
audio",
Les Marseillais,OK-2X,playlist.m3u,https://jmp2.uk/plu-66f55d565e4a6e0008c2b9d2.m3u8,"audio
video,1216,684

audio
video,1216,684

audio
video,1216,684

audio
video,1216,684
audio
video,1216,684
audio
video,1216,684",
Les Nouveaux Detectives,OK-2X,playlist.m3u,https://jmp2.uk/plu-5f8edb6df1ebb800072edf10.m3u8,"audio
video,854,480

audio
video,1024,576

audio
video,1024,576

audio
video,854,480
audio
video,1024,576
audio
video,1024,576",
Les Routes du Paradis,OK-2X,playlist.m3u,https://jmp2.uk/plu-65cce23bdc10a400080645ad.m3u8,"audio
video,854,480

audio
video,1024,576

audio
video,1216,684

audio
video,854,480
audio
video,1024,576
audio
video,1216,684",
Les Schtroumpfs,OK-2X,playlist.m3u,https://jmp2.uk/plu-68b16d2282862c1f067dc763.m3u8,"audio
video,854,480

audio
video,1024,576

audio
video,1216,684

audio
video,854,480
audio
video,1024,576
audio
video,1216,684",
Les vacances de l'amour,OK-2X,playlist.m3u,https://jmp2.uk/plu-691b33ae8a64bd1811e923f2.m3u8,"audio
video,854,480

audio
video,1024,576

audio
video,1216,684

audio
video,854,480
audio
video,1024,576
audio
video,1216,684",
Les Z'amours,OK-2X,playlist.m3u,https://jmp2.uk/plu-652d0b756208700008d758ad.m3u8,"audio
video,1216,684

audio
video,1216,684

audio
video,1216,684

audio
video,1216,684
audio
video,1216,684
audio
video,1216,684",
Louis La Brocante,OK-2X,playlist.m3u,https://jmp2.uk/plu-5f8ed6d569d2d4000864a976.m3u8,"audio
video,1216,684

audio
video,1216,684

audio
video,1216,684

audio
video,1216,684
audio
video,1216,684
audio
video,1216,684",
MacGyver,OK-2X,playlist.m3u,https://jmp2.uk/plu-6245ccd0c6cdb800074632e4.m3u8,"audio
video,854,480

audio
video,1024,576

audio
video,1216,684

audio
video,854,480
audio
video,1024,576
audio
video,1216,684",
Mission Impossible,OK-2X,playlist.m3u,https://jmp2.uk/plu-6671b21ffc3a46000857fe75.m3u8,"audio
video,854,480

audio
video,1024,576

audio
video,1216,684

audio
video,854,480
audio
video,1024,576
audio
video,1216,684",
Most Haunted,OK-2X,playlist.m3u,https://jmp2.uk/plu-66d722d31878f200081c2c64.m3u8,"audio
video,854,480

audio
video,1024,576

audio
video,1024,576

audio
video,854,480
audio
video,1024,576
audio
video,1024,576",
Nina,OK-2X,playlist.m3u,https://jmp2.uk/plu-692ec6d82329c10c5166f436.m3u8,"audio
video,854,480

audio
video,1024,576

audio
video,1216,684

audio
video,854,480
audio
video,1024,576
audio
video,1216,684",
Olive & Tom,OK-2X,playlist.m3u,https://jmp2.uk/plu-662a63275a402e00086bc8a5.m3u8,"audio
video,854,480

audio
video,1024,576

audio
video,1216,684

audio
video,854,480
audio
video,1024,576
audio
video,1216,684",
One Piece,OK-2X,playlist.m3u,https://jmp2.uk/plu-6380c94947c72b0007ee9a13.m3u8,"audio
video,854,480

audio
video,1024,576

audio
video,1216,684

audio
video,854,480
audio
video,1024,576
audio
video,1216,684",
Pêche à haut risque,OK-2X,playlist.m3u,https://jmp2.uk/plu-678f894ef5c74bff95c20a7f.m3u8,"audio
video,854,480

audio
video,1024,576

audio
video,1216,684

audio
video,854,480
audio
video,1024,576
audio
video,1216,684",
PJ,OK-2X,playlist.m3u,https://jmp2.uk/plu-692ec71425eaa17b6daf2a11.m3u8,"audio
video,854,480

audio
video,1024,576

audio
video,1216,684

audio
video,854,480
audio
video,1024,576
audio
video,1216,684",
Plus Belle la Vie 2,OK-2X,playlist.m3u,https://jmp2.uk/plu-662a6309307fa30008196b4e.m3u8,"audio
video,854,480

audio
video,1024,576

audio
video,1216,684

audio
video,854,480
audio
video,1024,576
audio
video,1216,684",
Pluto TV 90's Classics,OK-2X,playlist.m3u,https://jmp2.uk/plu-66b4990746762a00084c2f78.m3u8,"audio
video,1216,684

audio
video,1216,684

audio
video,1216,684

audio
video,1216,684
audio
video,1216,684
audio
video,1216,684",
Pluto TV Anime Retro,OK-2X,playlist.m3u,https://jmp2.uk/plu-69aadcdb6c0414a7ecb56ede.m3u8,"audio
video,854,480

audio
video,1024,576

audio
video,1216,684

audio
video,854,480
audio
video,1024,576
audio
video,1216,684",
Pluto TV Dating (720p),OK-2X,playlist.m3u,https://jmp2.uk/plu-682318568e6c0f2f6c6e0038.m3u8,"audio
video,1216,684

audio
video,1216,684

audio
video,1216,684

audio
video,1216,684
audio
video,1216,684
audio
video,1216,684",
Pluto TV French Collection,OK-2X,playlist.m3u,https://jmp2.uk/plu-62f3e0522443200008c567d7.m3u8,"video,854,480
audio

video,854,480
audio

video,1280,720
audio

video,854,480
audio
video,854,480
audio
video,1280,720
audio",
Pluto TV Girls Club,OK-2X,playlist.m3u,https://jmp2.uk/plu-69c2ad7500a8d7d87767d25f.m3u8,"audio
video,854,480

audio
video,1024,576

audio
video,1216,684

audio
video,854,480
audio
video,1024,576
audio
video,1216,684",
Pluto TV Inside,OK-2X,playlist.m3u,https://jmp2.uk/plu-5f8ed3892ed7bb000741a1d2.m3u8,"audio
video,1216,684

audio
video,1216,684

audio
video,1216,684

audio
video,1216,684
audio
video,1216,684
audio
video,1216,684",
Pluto TV Paranormal,OK-2X,playlist.m3u,https://jmp2.uk/plu-5f8ed9461b35690007a0bc3a.m3u8,"audio
video,854,480

audio
video,1024,576

audio
video,1216,684

audio
video,854,480
audio
video,1024,576
audio
video,1216,684",
Pluto TV Polar,OK-2X,playlist.m3u,https://jmp2.uk/stvp-FRAJ38000089S,"audio
video,1216,684

audio
video,1216,684

audio
video,1216,684

audio
video,1216,684
audio
video,1216,684
audio
video,1216,684",
Pluto TV Retro Toons,OK-2X,playlist.m3u,https://jmp2.uk/plu-611e6a9b4bb5790007a6f0f8.m3u8,"audio
video,854,480

audio
video,1024,576

audio
video,1216,684

audio
video,854,480
audio
video,1024,576
audio
video,1216,684",
Pluto TV Snooker 900 (720p),OK-2X,playlist.m3u,https://jmp2.uk/plu-66fd35e44ca31f0008060b77.m3u8,"audio
video,854,480
data

audio
video,1024,576
data

audio
video,1280,720
data

audio
video,854,480
data
audio
video,1024,576
data
audio
video,1280,720
data",
Pluto TV Stand Up,OK-2X,playlist.m3u,https://jmp2.uk/plu-678f891a3de7c8cf94765b01.m3u8,"audio
video,854,480

audio
video,1024,576

audio
video,1216,684

audio
video,854,480
audio
video,1024,576
audio
video,1216,684",
Pluto TV Teen (720p),OK-2X,playlist.m3u,https://jmp2.uk/plu-5f8eb99ff17815000784a3b0.m3u8,"audio
video,854,480

audio
video,854,480

audio
video,1280,720

audio
video,854,480
audio
video,854,480
audio
video,1280,720",
Pluto TV Téléréalité France,OK-2X,playlist.m3u,https://jmp2.uk/plu-699865ccac36b147e74619fe.m3u8,"audio
video,854,480

audio
video,1024,576

audio
video,1216,684

audio
video,854,480
audio
video,1024,576
audio
video,1216,684",
Pluto TV Toons (720p),OK-2X,playlist.m3u,https://jmp2.uk/plu-5f8eba14a4ffb8000764e950.m3u8,"audio
video,854,480

audio
video,854,480

audio
video,1280,720

audio
video,854,480
audio
video,854,480
audio
video,1280,720",
Qui veut gagner des millions?,OK-2X,playlist.m3u,https://jmp2.uk/plu-652d0b9ceb72580008a4ea5b.m3u8,"audio
video,1216,684

audio
video,1216,684

audio
video,1216,684

audio
video,1216,684
audio
video,1216,684
audio
video,1216,684",
Ridiculousness (720p),OK-2X,playlist.m3u,https://jmp2.uk/plu-5f8eb8a8b2619a000710605c.m3u8,"audio
video,1216,684

audio
video,1216,684

audio
video,1216,684

audio
video,1216,684
audio
video,1216,684
audio
video,1216,684",
Si près de chez vous,OK-2X,playlist.m3u,https://jmp2.uk/plu-697a34496f47f39d31ff8bde.m3u8,"audio
video,854,480

audio
video,1024,576

audio
video,1216,684

audio
video,854,480
audio
video,1024,576
audio
video,1216,684",
Space Live,OK-2X,playlist.m3u,https://jmp2.uk/plu-69b3db536c0414a7ecf564fb.m3u8,"audio
video,1216,684

audio
video,1216,684

audio
video,1216,684

audio
video,1216,684
audio
video,1216,684
audio
video,1216,684",
Teen Mom (720p),OK-2X,playlist.m3u,https://jmp2.uk/plu-62f3f05505e621000783df2f.m3u8,"audio
video,1216,684

audio
video,1216,684

audio
video,1216,684

audio
video,1216,684
audio
video,1216,684
audio
video,1216,684",
The Asylum,OK-2X,playlist.m3u,https://jmp2.uk/plu-5f8ece1a89d79800072510e6.m3u8,"video,854,480
audio

video,854,480
audio

video,1280,720
audio

video,854,480
audio
video,854,480
audio
video,1280,720
audio",
Top Gear,OK-2X,playlist.m3u,https://jmp2.uk/plu-64c1093824ade50008bd117f.m3u8,"audio
video,854,480

audio
video,1024,576

audio
video,1216,684

audio
video,854,480
audio
video,1024,576
audio
video,1216,684",
Tortues Ninja TV (720p),OK-2X,playlist.m3u,https://jmp2.uk/plu-5f8ecc1b37867f00071469e9.m3u8,"audio
video,854,480

audio
video,1024,576

audio
video,1216,684

audio
video,854,480
audio
video,1024,576
audio
video,1216,684",
Tout le monde déteste Chris,OK-2X,playlist.m3u,https://jmp2.uk/plu-67b4b4a21a5ca760802d25fd.m3u8,"audio
video,854,480

audio
video,1024,576

audio
video,1216,684

audio
video,854,480
audio
video,1024,576
audio
video,1216,684",
Turbo (720p),OK-2X,playlist.m3u,https://jmp2.uk/plu-66f55c3955567d0008ef9b68.m3u8,"audio
video,1216,684

audio
video,1216,684

audio
video,1216,684

audio
video,1216,684
audio
video,1216,684
audio
video,1216,684",
"une fille"" tvg-logo=""https://images.pluto.tv/channels/62f3ece7b09fd6000783bfb9/colorLogoPNG.png"" group-title=""31 - PLUTO TV FR"",Un gars une fille",OK-2X,playlist.m3u,https://jmp2.uk/plu-62f3ece7b09fd6000783bfb9.m3u8,"video,854,480
audio

video,854,480
audio

video,1280,720
audio

video,854,480
audio
video,854,480
audio
video,1280,720
audio",
"vendu !"" tvg-logo=""https://images.pluto.tv/channels/64bab8ba5dc1660008969b5a/colorLogoPNG.png"" group-title=""31 - PLUTO TV FR"",Adjugé vendu !",OK-2X,playlist.m3u,https://jmp2.uk/plu-64bab8ba5dc1660008969b5a.m3u8,"audio
video,854,480

audio
video,854,480

audio
video,1216,684

audio
video,854,480
audio
video,854,480
audio
video,1216,684",
Walker Texas Ranger,OK-2X,playlist.m3u,https://jmp2.uk/plu-60afa749ac7f3200078adb40.m3u8,"audio
video,854,480

audio
video,1024,576

audio
video,1216,684

audio
video,854,480
audio
video,1024,576
audio
video,1216,684",
WPT,OK-2X,playlist.m3u,https://jmp2.uk/plu-5f8ecfb9db6c180007a6d1b0.m3u8,"audio
video,854,480

audio
video,854,480

audio
video,1024,576

audio
video,854,480
audio
video,854,480
audio
video,1024,576",
Y'a que la vérité qui compte,OK-2X,playlist.m3u,https://jmp2.uk/stvp-FRBC900003KP,"video,640,360
audio
data

video,848,480
audio
data

video,1280,720
audio
data

video,1920,1080
audio
data

video,640,360
audio
data
video,848,480
audio
data
video,1280,720
audio
data
video,1920,1080
audio
data",
Zone Interdite,OK-2X,playlist.m3u,https://jmp2.uk/plu-66f55cf2483d460008f68746.m3u8,"audio
video,1216,684

audio
video,1216,684

audio
video,1216,684

audio
video,1216,684
audio
video,1216,684
audio
video,1216,684",
100% Kidz,OK-2X,playlist.m3u,https://jmp2.uk/stvp-FR3400004L5,"video,854,480
audio
data
data

video,1280,720
audio
data
data

video,1920,1080
audio
data
data

video,640,360
audio
data
data

video,854,480
audio
data
data
video,1280,720
audio
data
data
video,1920,1080
audio
data
data
",
750g,OK-2X,playlist.m3u,https://jmp2.uk/stvp-FRBD4100002R7,"video,1280,720
audio
data
data

video,960,540
audio
data
data

video,854,480
audio
data
data

video,640,360
audio
data
data

video,1920,1080
audio
data
data

video,1280,720
audio
data
data
video,960,540
audio
data
data
v",
ADN,OK-2X,playlist.m3u,https://jmp2.uk/stvp-FRBD5100001ZA,"video,1280,720
audio
data
data

video,960,540
audio
data
data

video,854,480
audio
data
data

video,640,360
audio
data
data

video,1280,720
audio
data
data
video,960,540
audio
data
data
video,854,480
audio
data
data
vide",
Alerte Cobra,OK-2X,playlist.m3u,https://jmp2.uk/stvp-FR3600007GW,"video,960,540
audio
data

video,1280,720
audio
data

video,1920,1080
audio
data

video,960,540
audio
data
video,1280,720
audio
data
video,1920,1080
audio
data",
Ardivision,OK-2X,playlist.m3u,https://jmp2.uk/stvp-FRBD300000170,"video,1920,1080
audio
data
data

video,1280,720
audio
data
data

video,960,540
audio
data
data

video,640,360
audio
data
data

video,1920,1080
audio
data
data
video,1280,720
audio
data
data
video,960,540
audio
data
data
",
Au coeur du danger,OK-2X,playlist.m3u,https://jmp2.uk/stvp-FR3900002FW,"video,640,360
audio

video,960,540
audio

video,1280,720
audio

video,1920,1080
audio

video,640,360
audio
video,960,540
audio
video,1280,720
audio
video,1920,1080
audio",
Bob l’éponge,OK-2X,playlist.m3u,https://jmp2.uk/stvp-FRAJ3800010QO,"audio
video,854,480

audio
video,854,480

audio
video,1280,720

audio
video,854,480
audio
video,854,480
audio
video,1280,720",
Bons Plans et Arnaques,OK-2X,playlist.m3u,https://jmp2.uk/stvp-FRBC3900003ZH,"video,1280,720
audio
data
data

video,960,540
audio
data
data

video,854,480
audio
data
data

video,640,360
audio
data
data

video,1920,1080
audio
data
data

video,1280,720
audio
data
data
video,960,540
audio
data
data
v",
Brut.,OK-2X,playlist.m3u,https://jmp2.uk/stvp-FR700007HY,"video,1920,1080
audio

video,1280,720
audio

video,960,540
audio

video,640,360
audio

video,1920,1080
audio
video,1280,720
audio
video,960,540
audio
video,640,360
audio",
Charlotte aux Fraises,OK-2X,playlist.m3u,https://jmp2.uk/stvp-FRBD1900012T7,"video,768,432
audio

video,256,144
audio

video,640,360
audio

video,640,360
audio

video,1280,720
audio

video,1280,720
audio

video,768,432
audio
video,256,144
audio
video,640,360
audio
video,640,360
audio
video,1280,7",
CJ ENM K-POP,OK-2X,playlist.m3u,https://jmp2.uk/stvp-FR3900001AC,"video,1920,1080
audio
unknown

video,1280,720
audio
unknown

video,856,480
audio
unknown

video,640,360
audio
unknown

video,480,270
audio
unknown

video,1920,1080
audio
unknown
video,1280,720
audio
unknown
video,856,480",
Cool Summer Channel,OK-2X,playlist.m3u,https://jmp2.uk/stvp-FR2500001BS,"video,0,0
audio

video,0,0
audio

video,0,0
audio

video,1920,1080
audio

video,0,0
audio
video,0,0
audio
video,0,0
audio
video,1920,1080
audio",
Cozy Vibes,OK-2X,playlist.m3u,https://jmp2.uk/stvp-FR19000010J,"video,1920,1080
audio
data
data

video,1280,720
audio
data
data

video,960,540
audio
data
data

video,640,360
audio
data
data

video,384,216
audio
data
data

video,1920,1080
audio
data
data
video,1280,720
audio
data
data",
Degrassi,OK-2X,playlist.m3u,https://jmp2.uk/stvp-FRBD19000115C,"video,1280,720
audio

video,256,144
audio

video,1280,720
audio

video,1280,720
audio

video,1280,720
audio

video,1280,720
audio

video,1280,720
audio
video,256,144
audio
video,1280,720
audio
video,1280,720
audio
video,",
Dhar Mann TV,FAIL-1,playlist.m3u,https://jmp2.uk/stvp-FR3800005NP,,[hls @ 0x5579f104c940] Error when loading first segment 'https://d2z8gnr1n056wx.cloudfront.net/playlist_1920x1080_084450__691900.ts' https://jmp2.uk/stvp-FR3800005NP: Invalid data found when processing input
Dragon TV,OK-2X,playlist.m3u,https://jmp2.uk/stvp-FR130000539,"video,448,252
audio

video,768,432
audio

video,768,432
audio

video,1280,720
audio

video,448,252
audio
video,768,432
audio
video,768,432
audio
video,1280,720
audio",
Drames - Rakuten TV,OK-2X,playlist.m3u,https://jmp2.uk/stvp-FR2600005LH,"video,448,252
audio

video,768,432
audio

video,768,432
audio

video,1280,720
audio

video,1920,1080
audio

video,448,252
audio
video,768,432
audio
video,768,432
audio
video,1280,720
audio
video,1920,1080
audio",
Echappées belles & co,OK-2X,playlist.m3u,https://jmp2.uk/stvp-FRBC3500002E4,"audio
video,854,480

audio
video,640,360

audio
video,1920,1080

audio
video,1280,720

audio
video,854,480
audio
video,640,360
audio
video,1920,1080
audio
video,1280,720",
Émotion,OK-2X,playlist.m3u,https://jmp2.uk/stvp-FRBC900001LB,"video,640,360
audio

video,848,480
audio

video,1280,720
audio

video,1920,1080
audio

video,640,360
audio
video,848,480
audio
video,1280,720
audio
video,1920,1080
audio",
Epicurieux avec Jamy,OK-2X,playlist.m3u,https://jmp2.uk/stvp-FRBD5100003TP,"video,1280,720
audio
data
data

video,960,540
audio
data
data

video,854,480
audio
data
data

video,640,360
audio
data
data

video,1920,1080
audio
data
data

video,1280,720
audio
data
data
video,960,540
audio
data
data
v",
Faites entrer l'accusé,OK-2X,playlist.m3u,https://jmp2.uk/stvp-FR1400002XF,"video,640,360
audio
data

video,848,480
audio
data

video,1280,720
audio
data

video,1920,1080
audio
data

video,640,360
audio
data
video,848,480
audio
data
video,1280,720
audio
data
video,1920,1080
audio
data",
Famille - Rakuten TV,OK-2X,playlist.m3u,https://jmp2.uk/stvp-FR2600001PI,"video,448,252
audio

video,768,432
audio

video,768,432
audio

video,1280,720
audio

video,1920,1080
audio

video,448,252
audio
video,768,432
audio
video,768,432
audio
video,1280,720
audio
video,1920,1080
audio",
Familles en Scène,OK-2X,playlist.m3u,https://jmp2.uk/stvp-FR3600002W2,"audio
video,426,240

audio
video,640,360

audio
video,848,480

audio
video,1280,720

audio
video,1920,1080

audio
video,426,240
audio
video,640,360
audio
video,848,480
audio
video,1280,720
audio
video,1920,1080",
FIFA+,OK-2X,playlist.m3u,https://jmp2.uk/stvp-FRBA3300037Y7,"video,640,360
audio
data
data

video,960,540
audio
data
data

video,1280,720
audio
data
data

video,640,360
audio
data
data
video,960,540
audio
data
data
video,1280,720
audio
data
data",
Fireplace Vibes,OK-2X,playlist.m3u,https://jmp2.uk/stvp-FR2200002HV,"video,1280,720
audio
data

video,1920,1080
audio
data

video,1920,1080
audio
data

video,3840,2160
audio
data

video,1280,720
audio
data
video,1920,1080
audio
data
video,1920,1080
audio
data
video,3840,2160
audio
data",
House of Creators,OK-2X,playlist.m3u,https://jmp2.uk/stvp-FR70000809,"audio
video,426,240

audio
video,640,360

audio
video,848,480

audio
video,1280,720

audio
video,1920,1080

audio
video,426,240
audio
video,640,360
audio
video,848,480
audio
video,1280,720
audio
video,1920,1080",
iCarly,OK-2X,playlist.m3u,https://jmp2.uk/stvp-FRAJ38000061J,"audio
video,854,480

audio
video,1024,576

audio
video,1216,684

audio
video,854,480
audio
video,1024,576
audio
video,1216,684",
Incroyables Fortunes,OK-2X,playlist.m3u,https://jmp2.uk/stvp-FR600001I2,"video,1280,720
audio
data
data

video,960,540
audio
data
data

video,854,480
audio
data
data

video,640,360
audio
data
data

video,1280,720
audio
data
data
video,960,540
audio
data
data
video,854,480
audio
data
data
vide",
Island Vibes,OK-2X,playlist.m3u,https://jmp2.uk/stvp-FR1800008DB,"video,1920,1080
audio
data
data

video,1280,720
audio
data
data

video,960,540
audio
data
data

video,640,360
audio
data
data

video,1920,1080
audio
data
data
video,1280,720
audio
data
data
video,960,540
audio
data
data
",
Jodha Akbar,OK-2X,playlist.m3u,https://jmp2.uk/stvp-FR4000001TX,"video,640,360
audio
data
data

video,960,540
audio
data
data

video,1280,720
audio
data
data

video,640,360
audio
data
data
video,960,540
audio
data
data
video,1280,720
audio
data
data",
Juste Pour Rire,OK-2X,playlist.m3u,https://jmp2.uk/stvp-FRBA3300035UK,"video,640,360
audio

video,960,540
audio

video,1280,720
audio

video,640,360
audio
video,960,540
audio
video,1280,720
audio",
L'effet papillon,OK-2X,playlist.m3u,https://jmp2.uk/stvp-FRBD11000038N,"video,854,480
audio
data
data

video,640,360
audio
data
data

video,1280,720
audio
data
data

video,1920,1080
audio
data
data

video,854,480
audio
data
data
video,640,360
audio
data
data
video,1280,720
audio
data
data
vi",
L'Equipe,OK-2X,playlist.m3u,https://jmp2.uk/stvp-FR200016Y5,"video,1920,1080
audio
data
data

video,1280,720
audio
data
data

video,960,540
audio
data
data

video,640,360
audio
data
data

video,1920,1080
audio
data
data

video,1920,1080
audio
data
data
video,1280,720
audio
data
da",
La Vie,OK-2X,playlist.m3u,https://jmp2.uk/stvp-FR3900003Y7,"video,640,360
audio

video,960,540
audio

video,1280,720
audio

video,1920,1080
audio

video,640,360
audio
video,960,540
audio
video,1280,720
audio
video,1920,1080
audio",
Le meilleur d'Arthur,OK-2X,playlist.m3u,https://jmp2.uk/stvp-FRBD1900006NA,"audio
video,426,240

audio
video,640,360

audio
video,848,480

audio
video,1280,720

audio
video,1920,1080

audio
video,426,240
audio
video,640,360
audio
video,848,480
audio
video,1280,720
audio
video,1920,1080",
Le Meilleur de la TV Réalité,OK-2X,playlist.m3u,https://jmp2.uk/stvp-FRBD3900005MB,"audio
video,426,240

audio
video,640,360

audio
video,848,480

audio
video,1280,720

audio
video,1920,1080

audio
video,426,240
audio
video,640,360
audio
video,848,480
audio
video,1280,720
audio
video,1920,1080",
Les Anges,OK-2X,playlist.m3u,https://jmp2.uk/stvp-FRBD4100001DF,"audio
video,426,240

audio
video,640,360

audio
video,848,480

audio
video,1280,720

audio
video,1920,1080

audio
video,426,240
audio
video,640,360
audio
video,848,480
audio
video,1280,720
audio
video,1920,1080",
Les Lapins Crétins,OK-2X,playlist.m3u,https://jmp2.uk/stvp-FRBD2300002CM,"video,640,360
audio
data

video,848,480
audio
data

video,1280,720
audio
data

video,1920,1080
audio
data

video,640,360
audio
data
video,848,480
audio
data
video,1280,720
audio
data
video,1920,1080
audio
data",
Les riches pleurent aussi,OK-2X,playlist.m3u,https://jmp2.uk/stvp-FRBA3300022OA,"video,640,360
audio

video,960,540
audio

video,1280,720
audio

video,640,360
audio
video,960,540
audio
video,1280,720
audio",
Les Routes du Paradis,OK-2X,playlist.m3u,https://jmp2.uk/stvp-FR3100005MK,"video,768,432
audio

video,256,144
audio

video,640,360
audio

video,640,360
audio

video,1280,720
audio

video,1280,720
audio

video,768,432
audio
video,256,144
audio
video,640,360
audio
video,640,360
audio
video,1280,7",
Les Télétubbies,OK-2X,playlist.m3u,https://jmp2.uk/stvp-FR1600002TT,"video,768,432
audio

video,256,144
audio

video,640,360
audio

video,640,360
audio

video,1280,720
audio

video,1280,720
audio

video,768,432
audio
video,256,144
audio
video,640,360
audio
video,640,360
audio
video,1280,7",
Les Z'amours,OK-2X,playlist.m3u,https://jmp2.uk/stvp-FRBD1900005BA,"audio
video,426,240

audio
video,640,360

audio
video,848,480

audio
video,1280,720

audio
video,1920,1080

audio
video,426,240
audio
video,640,360
audio
video,848,480
audio
video,1280,720
audio
video,1920,1080",
Masha et Michka,OK-2X,playlist.m3u,https://jmp2.uk/stvp-FR2200004HP,"video,640,360
audio
data

video,854,480
audio
data

video,1280,720
audio
data

video,1920,1080
audio
data

video,640,360
audio
data
video,854,480
audio
data
video,1280,720
audio
data
video,1920,1080
audio
data",
Motus,OK-2X,playlist.m3u,https://jmp2.uk/stvp-FRBB490000412,"video,640,360
audio
data

video,848,480
audio
data

video,1280,720
audio
data

video,1920,1080
audio
data

video,640,360
audio
data
video,848,480
audio
data
video,1280,720
audio
data
video,1920,1080
audio
data",
Mr Bean Animated,OK-2X,playlist.m3u,https://jmp2.uk/stvp-FR90000160,"video,640,360
audio
data

video,848,480
audio
data

video,1280,720
audio
data

video,1920,1080
audio
data

video,640,360
audio
data
video,848,480
audio
data
video,1280,720
audio
data
video,1920,1080
audio
data",
NEW KPOP,OK-2X,playlist.m3u,https://jmp2.uk/stvp-FR1700002OZ,"video,1920,1080
audio

video,1280,720
audio

video,960,540
audio

video,1920,1080
audio
video,1280,720
audio
video,960,540
audio",
Ocean Vibes,OK-2X,playlist.m3u,https://jmp2.uk/stvp-FR1800009U0,"video,1280,720
audio
data

video,1920,1080
audio
data

video,1920,1080
audio
data

video,3840,2160
audio
data

video,1280,720
audio
data
video,1920,1080
audio
data
video,1920,1080
audio
data
video,3840,2160
audio
data",
Passion Bollywood,OK-2X,playlist.m3u,https://jmp2.uk/stvp-FR1100001V1,"video,640,360
audio

video,960,540
audio

video,1280,720
audio

video,1920,1080
audio

video,640,360
audio
video,960,540
audio
video,1280,720
audio
video,1920,1080
audio",
Plus belle la vie,OK-2X,playlist.m3u,https://jmp2.uk/stvp-FRBD37000020Y,"video,640,360
audio
data

video,960,540
audio
data

video,1280,720
audio
data

video,1920,1080
audio
data

video,640,360
audio
data
video,960,540
audio
data
video,1280,720
audio
data
video,1920,1080
audio
data",
Pluto TV Toons,OK-2X,playlist.m3u,https://jmp2.uk/stvp-FRAJ38000035M,"audio
video,854,480

audio
video,854,480

audio
video,1280,720

audio
video,854,480
audio
video,854,480
audio
video,1280,720",
Pocoyo,OK-2X,playlist.m3u,https://jmp2.uk/stvp-FR700001VJ,"video,640,360
audio
data

video,960,540
audio
data

video,1280,720
audio
data

video,1920,1080
audio
data

video,640,360
audio
data
video,960,540
audio
data
video,1280,720
audio
data
video,1920,1080
audio
data",
Quantum Makers,OK-2X,playlist.m3u,https://jmp2.uk/stvp-FR1200002PC,"video,426,240
audio

video,640,360
audio

video,848,480
audio

video,1280,720
audio

video,1920,1080
audio

video,426,240
audio
video,640,360
audio
video,848,480
audio
video,1280,720
audio
video,1920,1080
audio",
Qui veut gagner des millions ?,OK-2X,playlist.m3u,https://jmp2.uk/stvp-FRBD1900007PQ,"video,426,240
audio

video,640,360
audio

video,848,480
audio

video,1280,720
audio

video,1920,1080
audio

video,426,240
audio
video,640,360
audio
video,848,480
audio
video,1280,720
audio
video,1920,1080
audio",
Rainy Day Vibes,OK-2X,playlist.m3u,https://jmp2.uk/stvp-FR1800007VM,"video,1920,1080
audio
data
data

video,1280,720
audio
data
data

video,960,540
audio
data
data

video,640,360
audio
data
data

video,1920,1080
audio
data
data
video,1280,720
audio
data
data
video,960,540
audio
data
data
",
Red Bull TV,FAIL-1,playlist.m3u,https://jmp2.uk/stvp-FR1700004PK,,[hls @ 0x55bb90ebc940] Error when loading first segment 'https://dzlhlf5cpu03s.cloudfront.net/playlist_1920x1080_084501__684253.ts' https://jmp2.uk/stvp-FR1700004PK: Invalid data found when processing input
RMC Life,OK-2X,playlist.m3u,https://jmp2.uk/stvp-FR4000003O1,"video,1920,1080
audio

video,1280,720
audio

video,960,540
audio

video,640,360
audio

video,1920,1080
audio
video,1280,720
audio
video,960,540
audio
video,640,360
audio",
RMC MECANIC,OK-2X,playlist.m3u,https://jmp2.uk/stvp-FR300003ZB,"video,1920,1080
audio

video,1280,720
audio

video,960,540
audio

video,640,360
audio

video,1920,1080
audio
video,1280,720
audio
video,960,540
audio
video,640,360
audio",
RMC MYSTERE,OK-2X,playlist.m3u,https://jmp2.uk/stvp-FR300006GF,"video,1920,1080
audio

video,1280,720
audio

video,960,540
audio

video,640,360
audio

video,1920,1080
audio
video,1280,720
audio
video,960,540
audio
video,640,360
audio",
RMC Story,OK-2X,playlist.m3u,https://jmp2.uk/stvp-FRBD41000097I,"video,1920,1080
audio

video,1280,720
audio

video,960,540
audio

video,640,360
audio

video,1920,1080
audio
video,1280,720
audio
video,960,540
audio
video,640,360
audio",
RMC TALK INFO,OK-2X,playlist.m3u,https://jmp2.uk/stvp-FR300005WY,"video,1920,1080
audio

video,1280,720
audio

video,960,540
audio

video,640,360
audio

video,1920,1080
audio
video,1280,720
audio
video,960,540
audio
video,640,360
audio",
RMC Wow,OK-2X,playlist.m3u,https://jmp2.uk/stvp-FR300001M1,"video,1920,1080
audio

video,1280,720
audio

video,960,540
audio

video,640,360
audio

video,1920,1080
audio
video,1280,720
audio
video,960,540
audio
video,640,360
audio",
Rolling Stones Takeover,OK-2X,playlist.m3u,https://jmp2.uk/stvp-FR7000053L,"video,426,240
audio

video,640,360
audio

video,848,480
audio

video,1280,720
audio

video,1920,1080
audio

video,426,240
audio
video,640,360
audio
video,848,480
audio
video,1280,720
audio
video,1920,1080
audio",
Rookie Blue,FAIL-1,playlist.m3u,https://jmp2.uk/stvp-FR2100001VM,,https://jmp2.uk/stvp-FR2100001VM: Server returned 403 Forbidden (access denied)
Sci-Fi - Rakuten TV,OK-2X,playlist.m3u,https://jmp2.uk/stvp-FR4100001D0,"video,448,252
audio

video,768,432
audio

video,768,432
audio

video,1280,720
audio

video,1920,1080
audio

video,448,252
audio
video,768,432
audio
video,768,432
audio
video,1280,720
audio
video,1920,1080
audio",
Shadowz,OK-2X,playlist.m3u,https://jmp2.uk/stvp-FR1800003VF,"video,1920,1080
audio

video,1280,720
audio

video,1024,576
audio

video,854,480
audio

video,640,360
audio

video,1920,1080
audio
video,1280,720
audio
video,1024,576
audio
video,854,480
audio
video,640,360
audio",
Shark TV,OK-2X,playlist.m3u,https://jmp2.uk/stvp-FR4000002JN,"video,448,252
audio

video,768,432
audio

video,768,432
audio

video,1280,720
audio

video,448,252
audio
video,768,432
audio
video,768,432
audio
video,1280,720
audio",
Show ! Variété,OK-2X,playlist.m3u,https://jmp2.uk/stvp-FR3100003KZ,"video,1920,1080
audio

video,1280,720
audio

video,1024,576
audio

video,854,480
audio

video,640,360
audio

video,1920,1080
audio
video,1280,720
audio
video,1024,576
audio
video,854,480
audio
video,640,360
audio",
Skyrock,OK-2X,playlist.m3u,https://jmp2.uk/stvp-FR4000005KE,"video,426,240
audio

video,640,360
audio

video,848,480
audio

video,1280,720
audio

video,1920,1080
audio

video,426,240
audio
video,640,360
audio
video,848,480
audio
video,1280,720
audio
video,1920,1080
audio",
SMTOWN,OK-2X,playlist.m3u,https://jmp2.uk/stvp-FR1000001XP,"audio,
video,1920,1080,

audio,
video,1920,1080,

audio,
video,1920,1080,

audio,
video,1280,720,

audio,
video,1280,720,

audio,
video,1280,720,

audio,
video,960,540,

audio,
video,960,540,

audio,
video,960,540,

audi",
Sony One Blacklist,FAIL-1,playlist.m3u,https://jmp2.uk/stvp-FR300010HD,,"[hls @ 0x555722e1e940] Filename extension of 'data:text/plain;base64,AAAAV3Bzc2gAAAAA7e+LqXnWSs6jyCfc1R0h7QAAADcSENlvwLFs8UPbjHd6pXZCAbMaC2J1eWRybWtleW9zIhDZb8CxbPFD24x3eqV2QgGzSOPclZsG' is not a common multimedia extens"
Sony One Favoris,FAIL-1,playlist.m3u,https://jmp2.uk/stvp-FR300011G9,,"[hls @ 0x55a7c2e41940] Filename extension of 'data:text/plain;base64,AAAAV3Bzc2gAAAAA7e+LqXnWSs6jyCfc1R0h7QAAADcSECoRHtyKiUk2u9WzLYs06hYaC2J1eWRybWtleW9zIhAqER7ciolJNrvVsy2LNOoWSOPclZsG' is not a common multimedia extens"
Spring Vibes,OK-2X,playlist.m3u,https://jmp2.uk/stvp-FR1800010TC,"video,1920,1080
audio
data
data

video,1280,720
audio
data
data

video,960,540
audio
data
data

video,640,360
audio
data
data

video,1920,1080
audio
data
data
video,1280,720
audio
data
data
video,960,540
audio
data
data
",
Storm Vibes,OK-2X,playlist.m3u,https://jmp2.uk/stvp-FR1900002I8,"video,1920,1080
audio
data
data

video,1280,720
audio
data
data

video,960,540
audio
data
data

video,640,360
audio
data
data

video,1920,1080
audio
data
data
video,1280,720
audio
data
data
video,960,540
audio
data
data
",
SuperToons TV,OK-2X,playlist.m3u,https://jmp2.uk/stvp-FRBD5100002NL,"video,1920,1080
audio

video,1280,720
audio

video,960,540
audio

video,640,360
audio

video,1920,1080
audio
video,1280,720
audio
video,960,540
audio
video,640,360
audio",
Tech & Co,OK-2X,playlist.m3u,https://jmp2.uk/stvp-FRBD4100010ZZ,"video,1920,1080
audio

video,1280,720
audio

video,960,540
audio

video,640,360
audio

video,1920,1080
audio
video,1280,720
audio
video,960,540
audio
video,640,360
audio",
Tele.Novela,OK-2X,playlist.m3u,https://jmp2.uk/stvp-FRBC14000010C,"audio
video,1920,1080
data

audio
video,1280,720
data

audio
video,1280,720
data

audio
video,1024,576
data

audio
video,640,360
data

audio
video,1920,1080
data
audio
video,1280,720
data
audio
video,1280,720
data
audio
",
Tennis Channel,FAIL-1,playlist.m3u,https://jmp2.uk/stvp-FR5000002SW,,https://jmp2.uk/stvp-FR5000002SW: Server returned 403 Forbidden (access denied)
Top Barça,FAIL-1,playlist.m3u,https://jmp2.uk/stvp-FR110000354,,https://jmp2.uk/stvp-FR110000354: Server returned 403 Forbidden (access denied)
Top Gear,OK-2X,playlist.m3u,https://jmp2.uk/stvp-FR2400001TP,"video,640,360
audio
data

video,960,540
audio
data

video,1280,720
audio
data

video,1920,1080
audio
data

video,640,360
audio
data
video,960,540
audio
data
video,1280,720
audio
data
video,1920,1080
audio
data",
Tortues Ninja,OK-2X,playlist.m3u,https://jmp2.uk/stvp-FRBA3300046W4,"audio
video,854,480

audio
video,1024,576

audio
video,1216,684

audio
video,854,480
audio
video,1024,576
audio
video,1216,684",
Trailers,OK-2X,playlist.m3u,https://jmp2.uk/stvp-FRBC9000041F,"video,640,360
audio
data

video,848,480
audio
data

video,1280,720
audio
data

video,1920,1080
audio
data

video,640,360
audio
data
video,848,480
audio
data
video,1280,720
audio
data
video,1920,1080
audio
data",
TV5 Monde Info,OK-2X,playlist.m3u,https://jmp2.uk/stvp-FR1800005X0,"video,1280,720
audio
data
data

video,960,540
audio
data
data

video,854,480
audio
data
data

video,640,360
audio
data
data

video,1280,720
audio
data
data
video,960,540
audio
data
data
video,854,480
audio
data
data
vide",
Un si grand soleil,OK-2X,playlist.m3u,https://jmp2.uk/stvp-FR3600001R1,"video,640,360
audio
data

video,848,480
audio
data

video,1280,720
audio
data

video,1920,1080
audio
data

video,640,360
audio
data
video,848,480
audio
data
video,1280,720
audio
data
video,1920,1080
audio
data",
Vevo Hip-Hop & R&B,OK-2X,playlist.m3u,https://jmp2.uk/stvp-FRBC2100002JA,"video,640,360
audio
data

video,848,480
audio
data

video,1280,720
audio
data

video,1920,1080
audio
data

video,640,360
audio
data
video,848,480
audio
data
video,1280,720
audio
data
video,1920,1080
audio
data",
Vevo Pop,OK-2X,playlist.m3u,https://jmp2.uk/stvp-FRBC2100001YY,"video,640,360
audio
data

video,848,480
audio
data

video,1280,720
audio
data

video,1920,1080
audio
data

video,640,360
audio
data
video,848,480
audio
data
video,1280,720
audio
data
video,1920,1080
audio
data",
Vevo Rétro,OK-2X,playlist.m3u,https://jmp2.uk/stvp-FRBD1900013CB,"video,640,360
audio
data

video,848,480
audio
data

video,1280,720
audio
data

video,1920,1080
audio
data

video,640,360
audio
data
video,848,480
audio
data
video,1280,720
audio
data
video,1920,1080
audio
data",
Yu-Gi-Oh!,OK-2X,playlist.m3u,https://jmp2.uk/stvp-FR7000045E,"video,640,360
audio
data

video,848,480
audio
data

video,1280,720
audio
data

video,1920,1080
audio
data

video,640,360
audio
data
video,848,480
audio
data
video,1280,720
audio
data
video,1920,1080
audio
data",
Zee One,OK-2X,playlist.m3u,https://jmp2.uk/stvp-FR360000680,"video,640,360
audio
data
data

video,960,540
audio
data
data

video,1280,720
audio
data
data

video,640,360
audio
data
data
video,960,540
audio
data
data
video,1280,720
audio
data
data",
Alpe d’Huez TV (720p) [Not 24/7],FAIL-1,playlist.m3u,https://edge13.vedge.infomaniak.com/livecast/ik:adhtv/manifest.m3u8,,https://edge13.vedge.infomaniak.com/livecast/ik:adhtv/manifest.m3u8: Server returned 404 Not Found
Amou Yazid TV (576p),OK-2X,playlist.m3u,http://mkstream.servehttp.com:1940/AmouYazid/ay1/playlist.m3u8,"data
video,1920,1080
audio

data
video,1920,1080
audio",
Antenne A,FAIL-1,playlist.m3u,http://51.254.199.122:8080/antenne_a-plus/index.m3u8,,[tcp @ 0x562de5d8c540] Connection to tcp://51.254.199.122:8080 failed: Connection timed out http://51.254.199.122:8080/antenne_a-plus/index.m3u8: Connection timed out
Canal 3,FAIL-1,playlist.m3u,https://cs2.push2stream.com/CANAL3BENIN/playlist.m3u8,,https://cs2.push2stream.com/CANAL3BENIN/playlist.m3u8: Server returned 403 Forbidden (access denied)
Chandel TV (720p),OK-2X,playlist.m3u,https://kali.vdopanel.com:3660/live/vj6jlam1rlive.m3u8,"video,1280,720
audio

video,1280,720
audio",
Esaie 45 Tele,OK-2X,playlist.m3u,https://stream.berosat.live/hls/esaie45-tv/esaie45-tv.m3u8,"video,1280,720
audio

video,1280,720
audio",
Ev-tele (720p),FAIL-1,playlist.m3u,https://playtv4k.live/live/EVTELE/index.m3u8,,https://playtv4k.live/live/EVTELE/index.m3u8: Server returned 404 Not Found
Kajou TV (720p) [Not 24/7],OK-2X,playlist.m3u,https://video1.getstreamhosting.com:1936/8055/8055/playlist.m3u8,"data
video,1280,720
audio

data
video,1280,720
audio",
MaTele (1080p) [Not 24/7],OK-2X,playlist.m3u,https://live.matele.be/hls/live.m3u8,"audio
video,1920,1080

audio
video,1920,1080",
Medi 1 TV Maghreb (1080p),OK-2X,playlist.m3u,https://cdn.live.easybroadcast.io/abr_corp/83_medi1tv-maghreb_jnbspmg/playlist.m3u8,"video,426,240
audio

video,640,360
audio

video,1280,720
audio

video,1920,1080
audio

video,426,240
audio
video,640,360
audio
video,1280,720
audio
video,1920,1080
audio",
My TV Channel (720p) [Not 24/7],OK-2X,playlist.m3u,http://connectiktv.ddns.net:5000/mytvchannel/@mytvchannel/playlist.m3u8,"data
video,1280,720
audio

data
video,1280,720
audio",
Natural TV (720p) [Not 24/7],FAIL-1,playlist.m3u,http://broadcasttr.com:1935/naturaltv/bant1/playlist.m3u8,,[tcp @ 0x55ad8f839540] Connection to tcp://broadcasttr.com:1935 failed: Connection timed out http://broadcasttr.com:1935/naturaltv/bant1/playlist.m3u8: Connection timed out
NW Economie (576p),FAIL-1,playlist.m3u,https://hls.newworldtv.com/nw-economie/video/live.m3u8,,https://hls.newworldtv.com/nw-economie/video/live.m3u8: Server returned 403 Forbidden (access denied)
NW Magazine (576p),FAIL-1,playlist.m3u,https://hls.newworldtv.com/nw-magazine/video/live.m3u8,,https://hls.newworldtv.com/nw-magazine/video/live.m3u8: Server returned 403 Forbidden (access denied)
One Nation TV (720p) [Not 24/7],FAIL-1,playlist.m3u,https://endour.net/hls/One_nationtv/index.m3u8,,https://endour.net/hls/One_nationtv/index.m3u8: Server returned 404 Not Found
OTV (1080p),OK-2X,playlist.m3u,https://otv.hibridcdn.net/otv/tv_abr/playlist.m3u8,"video,426,240
audio

video,854,480
audio

video,1280,720
audio

video,1920,1080
audio

video,426,240
audio
video,854,480
audio
video,1280,720
audio
video,1920,1080
audio",
Play TV (720p) [Not 24/7],OK-2X,playlist.m3u,http://connectiktv.ddns.net:5000/playtv/@playtv/playlist.m3u8,"data
video,1280,720
audio

data
video,1280,720
audio",
PLEX TV,OK-2X,playlist.m3u,http://connectiktv.ddns.net:5000/plextv/@plextv/playlist.m3u8,"data
video,1280,720
audio

data
video,1280,720
audio",
PSTV HD (480p) [Not 24/7],FAIL-1,playlist.m3u,http://51.254.199.122:8080/PSTV/index.m3u8,,[tcp @ 0x559419ea4540] Connection to tcp://51.254.199.122:8080 failed: Connection timed out http://51.254.199.122:8080/PSTV/index.m3u8: Connection timed out
REFLET TV (1080p),OK-2X,playlist.m3u,https://edge-a3.evrideo.tv/8f37c9f0-fe22-44f4-b64a-76ad11730daf_1000026630_HLS/manifest.m3u8,"audio
video,1920,1080

audio
video,1280,720

audio
video,640,360

audio
video,1920,1080
audio
video,1280,720
audio
video,640,360",
RL PRO TV,OK-2X,playlist.m3u,https://stream.berosat.live:19360/rlpro-tv/rlpro-tv.m3u8,"video,854,480
audio

video,854,480
audio",
RMC Story (1080p),OK-2X,playlist.m3u,https://d15aro46bnpfm8.cloudfront.net/v1/master/3722c60a815c199d9c0ef36c5b73da68a62b09d1/cc-fqkqiax1078up/RMC_Story_FR.m3u8,"video,1920,1080
audio

video,1280,720
audio

video,960,540
audio

video,640,360
audio

video,1920,1080
audio
video,1280,720
audio
video,960,540
audio
video,640,360
audio",
RT France (1080p) [Geo-blocked],OK-2X,playlist.m3u,https://rt-fra.rttv.com/dvr/rtfrance/playlist.m3u8,"video,1920,1080
audio

video,1280,720
audio

video,960,540
audio

video,640,360
audio

video,1920,1080
audio
video,1280,720
audio
video,960,540
audio
video,640,360
audio",
RT JVA (720p) [Not 24/7],OK-2X,playlist.m3u,https://cdn140m.panaccess.com/HLS/RTVJA/index.m3u8,"audio
video,1280,720

audio
video,1280,720",
RTH-TV1 (1080p),OK-2X,playlist.m3u,https://2-fss-2.streamhoster.com/pl_120/amlst:206708-4203440/playlist.m3u8,"data
video,1280,720
audio

data
video,640,360
audio

data
video,1280,720
audio
data
video,640,360
audio",
RTL Zwee (1080p),OK-2X,playlist.m3u,https://live-edge.rtl.lu/channel2/smil:channel2/playlist.m3u8,"audio
video,1920,1080

audio
video,1280,720

audio
video,854,480

audio
video,640,360

audio
video,1920,1080
audio
video,1280,720
audio
video,854,480
audio
video,640,360",
RTVC (720p),OK-2X,playlist.m3u,https://cdn140m.panaccess.com/HLS/RTVC/index.m3u8,"audio
video,1280,720

audio
video,1280,720",
RTVS1,FAIL-1,playlist.m3u,http://51.254.199.122:8080/RTVS1/index.m3u8,,[tcp @ 0x562da8c81540] Connection to tcp://51.254.199.122:8080 failed: Connection timed out http://51.254.199.122:8080/RTVS1/index.m3u8: Connection timed out
SOS Docteur TV (480p) [Not 24/7],FAIL-1,playlist.m3u,https://wmoy82n4y2a7-hls-live.5centscdn.com/sostv/live.stream/playlist.m3u8,,https://wmoy82n4y2a7-hls-live.5centscdn.com/sostv/live.stream/playlist.m3u8: Server returned 404 Not Found
StoryChannel TV (720p),OK-2X,playlist.m3u,https://136044159.r.cdnsun.net/storychannel.m3u8,"video,1280,720
audio

video,1280,720
audio",
Sunu Label TV (480p) [Not 24/7],FAIL-1,playlist.m3u,https://live3.acangroup.org:1929/publiclive/sunulabel/playlist.m3u8,,[tcp @ 0x56206ae2ff40] Connection to tcp://live3.acangroup.org:1929 failed: Connection timed out https://live3.acangroup.org:1929/publiclive/sunulabel/playlist.m3u8: Connection timed out
Tal TV (1080p),OK-2X,playlist.m3u,https://mediaserver1.castpin.com/hls/taltv/index.m3u8,"audio
video,1920,1080

audio
video,1920,1080",
Tele Haiti (1088p) [Not 24/7],FAIL-1,playlist.m3u,http://66.175.238.147:1935/live/myStream/playlist.m3u8,,[tcp @ 0x556be8184540] Connection to tcp://66.175.238.147:1935 failed: Connection timed out http://66.175.238.147:1935/live/myStream/playlist.m3u8: Connection timed out
Tele Pam (1080p),OK-2X,playlist.m3u,https://watch.haitilive.net/app/2020/telepam/index.fmp4.m3u8,"audio
video,1920,1080

audio
video,1920,1080",
TeleMIX (720p),OK-2X,playlist.m3u,https://haititivi.com/haiti/telemix1/index.m3u8,"video,1280,720
audio

video,1280,720
audio",
Teva (1080p),FAIL-1,playlist.m3u,http://145.239.5.177/356/index.m3u8,,http://145.239.5.177/356/index.m3u8: Server returned 403 Forbidden (access denied)
TM1 (360p) [Not 24/7],FAIL-1,playlist.m3u,http://69.64.57.208/tm1/playlist.m3u8,,http://69.64.57.208/tm1/playlist.m3u8: Server returned 404 Not Found
TMA (1080p),OK-2X,playlist.m3u,http://hls.tmacaraibes.com/live/index.m3u8,"video,1920,1080
audio

video,1920,1080
audio",
TNH (720p),FAIL-1,playlist.m3u,https://bozztv.com/dvrfl03/hdirect/hdirect-telecaraibes/index.m3u8,,https://bozztv.com/dvrfl03/hdirect/hdirect-telecaraibes/index.m3u8: Server returned 403 Forbidden (access denied)
TR24 (720p),OK-2X,playlist.m3u,https://stream.it-innov.com/tr24/index.m3u8,"video,1280,720
audio

video,1280,720
audio",
Trace Africa (1080p),OK-2X,playlist.m3u,https://channels.trace.plus/Traceprod/AFRICA_FR_hd/index.m3u8,"video,1280,720
audio

video,1280,720
audio",
Trends Z (1080p),FAIL-1,playlist.m3u,https://d1hz1p2gea2zy4.cloudfront.net/live/rmgtv/RMG-TRENDSZFR-LIVE/index.m3u8,,https://d1hz1p2gea2zy4.cloudfront.net/live/rmgtv/RMG-TRENDSZFR-LIVE/index.m3u8: Server returned 403 Forbidden (access denied)
Türkmenistan (406p) [Not 24/7],FAIL-1,playlist.m3u,https://alpha.tv.online.tm/hls/ch007.m3u8,,timeout
TV Famille (720p),OK-2X,playlist.m3u,https://streamer1.streamhost.org/salive/GMItvfh/playlist.m3u8,"data
video,1280,720
audio

data
video,1280,720
audio",
TV Lux (1080p),FAIL-1,playlist.m3u,https://tvlocales-live.freecaster.com/tvlux/95d2f632-0780-4ac1-9895-9e50212dd3b6/95d2f632-0780-4ac1-9895-9e50212dd3b6.isml/master.m3u8,,https://tvlocales-live.freecaster.com/tvlux/95d2f632-0780-4ac1-9895-9e50212dd3b6/95d2f632-0780-4ac1-9895-9e50212dd3b6.isml/master.m3u8: Server returned 403 Forbidden (access denied)
TV Monaco (1080p),OK-2X,playlist.m3u,https://production-fast-mcrtv.content.okast.tv/channels/2116dc08-1959-465d-857f-3619daefb66b/b702b2b9-aebd-436c-be69-2118f56f3d86/master.m3u8,"video,1920,1080
audio

video,1280,720
audio

video,1024,576
audio

video,640,360
audio

video,1920,1080
audio
video,1280,720
audio
video,1024,576
audio
video,640,360
audio",
TV2 (1080p),OK-2X,playlist.m3u,http://185.9.2.18/chid_347/index.m3u8,"video,1920,1080
audio

video,1920,1080
audio",
TVT (720p) [Not 24/7],FAIL-1,playlist.m3u,http://69.64.57.208/tvt/playlist.m3u8,,http://69.64.57.208/tvt/playlist.m3u8: Server returned 404 Not Found
zenith (1080p),OK-2X,playlist.m3u,https://live.azenagroup.com/zenith/index.ll.m3u8,"audio
video,1920,1080

audio
video,1920,1080",
A2i TV (1080p),OK-2X,playlist.m3u,https://stream.sen-gt.com/A2itv/myStream/playlist.m3u8,"data
video,1920,1080
audio

data
video,1920,1080
audio",
AC TV (480p) [Not 24/7],FAIL-1,playlist.m3u,https://ssh101stream.ssh101.com/akamaissh101/ssh101/actvstream/playlist.m3u8,,[tcp @ 0x562488897f40] Failed to resolve hostname ssh101stream.ssh101.com: Name or service not known https://ssh101stream.ssh101.com/akamaissh101/ssh101/actvstream/playlist.m3u8: Input/output error
ATV (400p) [Not 24/7],FAIL-1,playlist.m3u,https://guineetvdirect.online:3320/live/atvguineelive.m3u8,,https://guineetvdirect.online:3320/live/atvguineelive.m3u8: Server returned 404 Not Found
Beb TV (720p),FAIL-1,playlist.m3u,https://live-hls-qunv.livepush.io/live_cdn/em8A-kbzIfHqu73/index.m3u8,,https://live-hls-qunv.livepush.io/live_cdn/em8A-kbzIfHqu73/index.m3u8: Server returned 403 Forbidden (access denied)
Chabiba TV (360p) [Not 24/7],FAIL-1,playlist.m3u,https://endour.net/hls/RUgLAPCbPdF5oPSTX2Hvl/index.m3u8,,https://endour.net/hls/RUgLAPCbPdF5oPSTX2Hvl/index.m3u8: Server returned 404 Not Found
Dega TV (720p) [Not 24/7],FAIL-1,playlist.m3u,https://59d39900ebfb8.streamlock.net/saintlouisltv/saintlouisltv/playlist.m3u8,,https://59d39900ebfb8.streamlock.net/saintlouisltv/saintlouisltv/playlist.m3u8: Server returned 404 Not Found
ETV (1080p),OK-2X,playlist.m3u,https://edge12.vedge.infomaniak.com/livecast/ik:etvgp/manifest.m3u8,"data
video,1920,1080
audio

data
video,720,576
audio

data
video,1920,1080
audio
data
video,720,576
audio",
GTV (540p),FAIL-1,playlist.m3u,https://g2qd3exjy7an-hls-live.5centscdn.com/gtvghana/ghanaweb.stream/playlist.m3u8,,https://g2qd3exjy7an-hls-live.5centscdn.com/gtvghana/ghanaweb.stream/playlist.m3u8: Server returned 403 Forbidden (access denied)
HC2 TV,FAIL-1,playlist.m3u,https://stream.hc2tv.bj/2/live/stream.m3u8,,[tcp @ 0x563520a47f40] Connection to tcp://stream.hc2tv.bj:443 failed: Connection timed out https://stream.hc2tv.bj/2/live/stream.m3u8: Connection timed out
KC2 (720p) [Not 24/7],OK-2X,playlist.m3u,http://197.243.19.131:1935/kc2/kc2/chunklist.m3u8,"data
video,854,480
audio

data
video,854,480
audio",
Laura Dave Media TV (720p),OK-2X,playlist.m3u,https://streaming.lauradavemedia.com/ldm/index.m3u8,"video,1280,720
audio

video,640,360
audio

video,426,240
audio

video,256,144
audio

video,1280,720
audio
video,640,360
audio
video,426,240
audio
video,256,144
audio",
LBFD RTV (1080p),FAIL-1,playlist.m3u,https://tnt-television.com/LBFD_RTV/index.m3u8,,https://tnt-television.com/LBFD_RTV/index.m3u8: Server returned 404 Not Found
Lollywood HD TV,OK-2X,playlist.m3u,https://stream.berosat.live/hls/lollywood-hd/lollywood-hd.m3u8,"video,856,480
audio

video,856,480
audio",
Mikuba TV (480p) [Not 24/7],FAIL-1,playlist.m3u,http://51.254.199.122:8080/MIKUBATV/index.m3u8,,[tcp @ 0x562a99e73540] Connection to tcp://51.254.199.122:8080 failed: Connection timed out http://51.254.199.122:8080/MIKUBATV/index.m3u8: Connection timed out
NETALKOLE TV (720p) [Not 24/7],FAIL-1,playlist.m3u,https://watch.haitilive.net/naktvhd/index.m3u8,,[tls @ 0x55f2dce96540] Error in the pull function. [tls @ 0x55f2dce96540] IO error: Connection timed out https://watch.haitilive.net/naktvhd/index.m3u8: Connection timed out
ONE-TV (720p) [Not 24/7],FAIL-1,playlist.m3u,https://core.live-apc.eu:5443/LiveApp/streams/backup.m3u8,,[tcp @ 0x561e3525af40] Connection to tcp://core.live-apc.eu:5443 failed: Connection timed out https://core.live-apc.eu:5443/LiveApp/streams/backup.m3u8: Connection timed out
Speedline TV,FAIL-1,playlist.m3u,https://cdn-us-east-prod-ingest-infra-dacast-com.akamaized.net/dbe59037-07a0-4f1c-82a2-7de94b4b62d2/index.m3u8,,https://cdn-us-east-prod-ingest-infra-dacast-com.akamaized.net/dbe59037-07a0-4f1c-82a2-7de94b4b62d2/index.m3u8: Server returned 404 Not Found
Zitata TV,OK-2X,playlist.m3u,https://live.zitata.tv/direct-hls/playlist.m3u8,"video,1920,1080
audio

video,1920,1080
audio",
Africa 24 English (1080p),OK-2X,IPTV-ORG France,https://edge20.vedge.infomaniak.com/livecast/ik:africa24english/manifest.m3u8,"data
video,1920,1080
audio

data
video,1920,1080
audio",
Alerte à Malibu,OK-2X,IPTV-ORG France,https://jmp2.uk/plu-60afaa535580be0007ac9ee4.m3u8,"video,854,480
audio

video,854,480
audio

video,1280,720
audio

video,854,480
audio
video,854,480
audio
video,1280,720
audio",
"like Gecko) Chrome/108.0.0.0 Safari/537.36"" group-title=""Business;News"",BFM Business (1080p)",FAIL-1,IPTV-ORG France,https://ncdn-live-bfm.pfd.sfr.net/shls/LIVE$BFM_BUSINESS/index.m3u8?end=END&start=LIVE,,https://ncdn-live-bfm.pfd.sfr.net/shls/LIVE$BFM_BUSINESS/index.m3u8?end=END&start=LIVE: Server returned 403 Forbidden (access denied)
"like Gecko) Chrome/108.0.0.0 Safari/537.36"" group-title=""News"",BFM TV (1080p)",FAIL-1,IPTV-ORG France,https://ncdn-live-bfm.pfd.sfr.net/shls/LIVE$BFM_TV/index.m3u8?end=END&start=LIVE,,https://ncdn-live-bfm.pfd.sfr.net/shls/LIVE$BFM_TV/index.m3u8?end=END&start=LIVE: Server returned 403 Forbidden (access denied)
Caillou,OK-2X,IPTV-ORG France,https://do7nccdsswstc.cloudfront.net/v1/manifest/3722c60a815c199d9c0ef36c5b73da68a62b09d1/cc-1aso0bc668saa/a5233c83-f772-4a81-959a-45ec7877ef61/5.m3u8,"video,648,432
audio

video,648,432
audio",
Cap Terre (1080p),FAIL-1,IPTV-ORG France,http://145.239.5.177/359a/index.m3u8,,http://145.239.5.177/359a/index.m3u8: Server returned 403 Forbidden (access denied)
CATFISH TV (720p),OK-2X,IPTV-ORG France,https://jmp2.uk/plu-5f8eb66537867f0007146953.m3u8,"audio
video,854,480

audio
video,854,480

audio
video,1280,720

audio
video,854,480
audio
video,854,480
audio
video,1280,720",
Euronews French (720p),OK-2X,IPTV-ORG France,https://2f6c5bf4.wurl.com/master/f36d25e7e52f1ba8d7e56eb859c636563214f541/UmxheHhUVi1ldV9FdXJvbmV3c0ZyYW5jYWlzX0hMUw/playlist.m3u8,"video,0,0
audio

video,640,360
audio

video,0,0
audio

video,0,0
audio

video,0,0
audio

video,0,0
audio

video,0,0
audio
video,640,360
audio
video,0,0
audio
video,0,0
audio
video,0,0
audio
video,0,0
audio",
FashionTV Secrets (1080p),FAIL-1,IPTV-ORG France,https://ssai.aniview.com/api/v1/hls/stream.m3u8?AVS_SSAIID=67c0c39764ad6f7dab07aa0b&AV_APPNAME=[ADS.APP_NAME]&AV_APPPKGNAME=[ADS.APP_BUNDLE]&AV_APPSTOREURL=[ADS.APP_STORE_URL]&AV_CCPA=[ADS.US_PRIVACY]&AV_CLIENT_SECTION=ftv_secrets&AV_CONSENT=[ADS.GDPR_CONSENT]&AV_CONTENT_CAT=IAB7&AV_CONTENT_CHANNEL=&AV_CONTENT_CONTEXT=&AV_CONTENT_EPISODE=&AV_CONTENT_GENRE=fashion+and+lifestyle&AV_CONTENT_ID=[ADS.VIDAA_ADS_CONTENTID]&AV_CONTENT_KEYWORDS=&AV_CONTENT_LANGUAGE=en&AV_CONTENT_LENGTH=&AV_CONTENT_NETWORK=&AV_CONTENT_PROVIDER=FTV&AV_CONTENT_RATING=R&AV_CONTENT_SEASON=&AV_CONTENT_SERIES=&AV_CONTENT_TITLE=&AV_CONTENT_URL=&AV_DNT=[ADS.DNT]&AV_GDPR=[ADS.GDPR]&AV_HEIGHT=[ADS.H]&AV_IDFA=[ADS.IFA]&AV_IFA_TYPE=[ADS.IFA_TYPE]&AV_LANGUAGE=[ADS.DEVICE_LANGUAGE]&AV_OSVERS=[ADS.DEVICE_OSV]&AV_RTB_DEVICE_TYPE=[ADS.DEVICE_TYPE]&AV_VAUTH=[ADS.VAUTH]&AV_WIDTH=[ADS.W]&Content_Id=[ADS.ADS_CONTENTID]&ads.vidaa_ads_param=1191723366&cb=[CACHEBUSTER]&content_channel_name=ftv+-fashiontv+Secrets&content_livestream=1,,[hls @ 0x555d45e04940] Error when loading first segment 'https://1722840738.rsc.cdn77.org/V_video_10801920_p_0/842517968000.ts' https://ssai.aniview.com/api/v1/hls/stream.m3u8?AVS_SSAIID=67c0c39764ad6f7dab07aa0b&AV_APPNA
France 4 HD (1080p),FAIL-1,IPTV-ORG France,https://sv1.data-stream.top/8c0a287e56a6e1843143904778be3775b4d3edd4fba4ffcc3f72638c7a71d4d4/hls/francetv4.m3u8,,https://sv1.data-stream.top/8c0a287e56a6e1843143904778be3775b4d3edd4fba4ffcc3f72638c7a71d4d4/hls/francetv4.m3u8: Server returned 403 Forbidden (access denied)
Inazuma Eleven,OK-2X,IPTV-ORG France,https://jmp2.uk/plu-632c6df43d2bc5000751f621.m3u8,"video,854,480
audio

video,854,480
audio

video,1280,720
audio

video,854,480
audio
video,854,480
audio
video,1280,720
audio",
Les filles d'à côté,OK-2X,IPTV-ORG France,https://jmp2.uk/plu-60549d97cd7b090007c73314.m3u8,"audio
video,854,480

audio
video,1024,576

audio
video,1216,684

audio
video,854,480
audio
video,1024,576
audio
video,1216,684",
MCM Top (1080p),FAIL-1,IPTV-ORG France,http://89.33.29.118/MCM/index.m3u8,,http://89.33.29.118/MCM/index.m3u8: Server returned 403 Forbidden (access denied)
"like Gecko) Chrome/130.0.0.0 Safari/537.36"" group-title=""Music"",Mezzo",FAIL-1,IPTV-ORG France,http://158.101.222.193:88/georgia_play.php?id=mezzo,,[tcp @ 0x55581c66c540] Connection to tcp://158.101.222.193:88 failed: Connection refused http://158.101.222.193:88/georgia_play.php?id=mezzo: Connection refused
Mezzo Live (1080p),OK-2X,IPTV-ORG France,http://stream.mcquack.net/276/index.m3u8,"audio
video,1920,1080

audio
video,1920,1080",
Monte Carlo Digital Television (1080p),OK-2X,IPTV-ORG France,https://fl718492-exthls-p1.flovp.com/fl718492/live/live.m3u8,"video,1920,1080
audio
data

video,1920,1080
audio
data",
MTV CLASSICS,OK-2X,IPTV-ORG France,https://jmp2.uk/plu-5f92b56a367e170007cd43f4.m3u8,"audio
video,854,480

audio
video,854,480

audio
video,1280,720

audio
video,854,480
audio
video,854,480
audio
video,1280,720",
Pluto TV Cuisine,OK-2X,IPTV-ORG France,https://jmp2.uk/plu-5f8ed48146ba9e00078424b6.m3u8,"audio
video,854,480

audio
video,1024,576

audio
video,1216,684

audio
video,854,480
audio
video,1024,576
audio
video,1216,684",
Pluto TV Polar,OK-2X,IPTV-ORG France,https://jmp2.uk/plu-5f8ed4dbf6bb0800071ffbcb.m3u8,"audio
video,1216,684

audio
video,1216,684

audio
video,1216,684

audio
video,1216,684
audio
video,1216,684
audio
video,1216,684",
Qwest TV Jazz & Beyond (1080p),OK-2X,IPTV-ORG France,https://samsungau-qwestjazz-samsungtv-zw2jc.amagi.tv/playlist/samsungau-qwestjazz-samsungtv/playlist.m3u8,"video,640,360
audio
data

video,848,480
audio
data

video,1280,720
audio
data

video,1920,1080
audio
data

video,640,360
audio
data
video,848,480
audio
data
video,1280,720
audio
data
video,1920,1080
audio
data",
RMC Life (1080p),FAIL-1,IPTV-ORG France,http://145.239.5.177/333/index.m3u8,,http://145.239.5.177/333/index.m3u8: Server returned 403 Forbidden (access denied)
"like Gecko) Chrome/149.0.0.0 Safari/537.36"" group-title=""Entertainment"",TF1 HD (720p)",OK-2X,IPTV-ORG France,http://151.80.18.177:86/TF1_HD/index.m3u8,"video,1280,720
audio

video,1280,720
audio",
Trace Brasil (1080p),OK-2X,IPTV-ORG France,https://cdn-uw2-prod.tsv2.amagi.tv/linear/amg01131-tracetv-tracebrazuca-samsungbr/playlist.m3u8,"video,640,360
audio

video,848,480
audio

video,1280,720
audio

video,1920,1080
audio

video,640,360
audio
video,848,480
audio
video,1280,720
audio
video,1920,1080
audio",
TRACE Brazuca (1080p),OK-2X,IPTV-ORG France,https://amg01131-tracetv-amg01131c4-stirr-us-4390.playouts.now.amagi.tv/playlist.m3u8,"video,640,360
audio

video,848,480
audio

video,1280,720
audio

video,1920,1080
audio

video,640,360
audio
video,848,480
audio
video,1280,720
audio
video,1920,1080
audio",
Trace Jama (1080p),OK-2X,IPTV-ORG France,https://channels.trace.plus/Traceprod/JAMA_hd/index.m3u8,"video,1280,720
audio

video,1280,720
audio",
Trace Mziki (1080p),OK-2X,IPTV-ORG France,https://channels.trace.plus/Traceprod/MZIKI_hd/index.m3u8,"video,1280,720
audio

video,1280,720
audio",
Trace Naija (1080p),OK-2X,IPTV-ORG France,https://channels.trace.plus/Traceprod/NAIJA_hd/index.m3u8,"video,1280,720
audio

video,1280,720
audio",
TV5Monde France Belgium Switzerland Monaco,FAIL-1,IPTV-ORG France,http://5.78.65.164/TV5Monde/index.m3u8,,http://5.78.65.164/TV5Monde/index.m3u8: Server returned 404 Not Found
TV5Monde Style,FAIL-1,IPTV-ORG France,http://103.190.232.129/stream/tvb/style/master.m3u8?p=967e33767f592e1aaf3d4019f38f380bf784e113b193d89c412d047059d6300d&u=Oleg,,http://103.190.232.129/stream/tvb/style/master.m3u8?p=967e33767f592e1aaf3d4019f38f380bf784e113b193d89c412d047059d6300d&u=Oleg: Server returned 5XX Server Error reply
TZiK [Not 24/7],FAIL-1,IPTV-ORG France,https://54627d4fc5996.streamlock.net/tzik/tzik/chunklist.m3u8,,[tcp @ 0x55e6a41a4f40] Connection to tcp://54627d4fc5996.streamlock.net:443 failed: Connection timed out https://54627d4fc5996.streamlock.net/tzik/tzik/chunklist.m3u8: Connection timed out
Walker Texas Ranger,OK-2X,IPTV-ORG France,https://jmp2.uk/plu-635659445b4c4700076d2ad1.m3u8,"video,854,480
audio

video,854,480
audio

video,1280,720
audio

video,854,480
audio
video,854,480
audio
video,1280,720
audio",
Y'a que la vérité qui compte,OK-2X,IPTV-ORG France,https://jmp2.uk/plu-612e044c970e6f00083bcf3b.m3u8,"video,854,480
audio

video,854,480
audio

video,854,480
audio

video,854,480
audio
video,854,480
audio
video,854,480
audio",
2M Monde (360p),FAIL-1,IPTV-ORG Francais,https://cdn-globecast.akamaized.net/live/eds/2m_monde/hls_video_ts_tuhawxpiemz257adfc/2m_monde.m3u8,,https://cdn-globecast.akamaized.net/live/eds/2m_monde/hls_video_ts_tuhawxpiemz257adfc/2m_monde.m3u8: Server returned 403 Forbidden (access denied)
BAM-TV,FAIL-1,IPTV-ORG Francais,https://belafrikamediatv.vedge.infomaniak.com/livecast/ik:belafrikamediatv/manifest.m3u8,,https://belafrikamediatv.vedge.infomaniak.com/livecast/ik:belafrikamediatv/manifest.m3u8: Server returned 404 Not Found
Bruzz (720p),FAIL-1,IPTV-ORG Francais,https://hls-origin01-bruzz.cdn02.rambla.be/main/adliveorigin-bruzz/_definst_/V3n5YY.smil/playlist.m3u8,,https://hls-origin01-bruzz.cdn02.rambla.be/main/adliveorigin-bruzz/_definst_/V3n5YY.smil/playlist.m3u8: Server returned 403 Forbidden (access denied)
BX1 (504p),OK-2X,IPTV-ORG Francais,https://dlgt0tdl2hpq3.cloudfront.net/rtbf/clr-rtbf/7ec67c8d/index.m3u8,"video,416,234
audio
audio

video,576,324
audio
audio

video,896,504
audio
audio

video,416,234
video,576,324
video,896,504
audio
audio
audio
audio",
CNM TV (720p) [Not 24/7],FAIL-1,IPTV-ORG Francais,https://stream.sen-gt.com/cnmtv/myStream/playlist.m3u8,,https://stream.sen-gt.com/cnmtv/myStream/playlist.m3u8: Server returned 404 Not Found
D3 TV (720p),OK-2X,IPTV-ORG Francais,https://lbgo.bozztv.com/ssh101/ssh101/d3tvnet/playlist.m3u8,"video,1280,720
audio

video,1280,720
audio",
Dounia TV,FAIL-1,IPTV-ORG Francais,https://live20.bozztv.com/dvrfl06/astv/astv-douniatv/index.m3u8,,https://live20.bozztv.com/dvrfl06/astv/astv-douniatv/index.m3u8: Server returned 403 Forbidden (access denied)
EBS (1080p),FAIL-1,IPTV-ORG Francais,https://streams.prd.commavservices.eu/live/ebs/index.m3u8,,timeout
EBS Plus (1080p),FAIL-1,IPTV-ORG Francais,https://streams.prd.commavservices.eu/live/ebsplus/index.m3u8,,timeout
FashionTV (1080p),OK-2X,IPTV-ORG Francais,http://fashionlive.mediacdn.ru/cdn/fashiontv/playlist.m3u8,"video,480,270
audio

video,640,360
audio

video,1280,720
audio

video,1024,576
audio

video,1920,1080
audio

video,480,270
audio
video,640,360
audio
video,1280,720
audio
video,1024,576
audio
video,1920,1080
audio",
Japanim TV (1080p),OK-2X,IPTV-ORG Francais,https://foxkidstv.be:3369/stream/play.m3u8,"video,1920,1080
audio

video,1920,1080
audio",
Madras FM TV (1080p),OK-2X,IPTV-ORG Francais,https://edge12.vedge.infomaniak.com/livecast/ik:madrasfmtv/manifest.m3u8,"data
video,1920,1080
audio

data
video,1920,1080
audio",
Montreal Greek TV (480p),OK-2X,IPTV-ORG Francais,http://live.greektv.ca/hls1/greektv.m3u8,"video,640,480
audio

video,640,480
audio",
ORTM 1,FAIL-1,IPTV-ORG Francais,https://cs2.push2stream.com/ORTM-DVR/playlist.m3u8,,https://cs2.push2stream.com/ORTM-DVR/playlist.m3u8: Server returned 403 Forbidden (access denied)
TV5Monde Pacific,FAIL-1,IPTV-ORG Francais,http://103.190.232.129/stream/tvb/pacifique/master.m3u8?p=967e33767f592e1aaf3d4019f38f380bf784e113b193d89c412d047059d6300d&u=Oleg,,http://103.190.232.129/stream/tvb/pacifique/master.m3u8?p=967e33767f592e1aaf3d4019f38f380bf784e113b193d89c412d047059d6300d&u=Oleg: Server returned 5XX Server Error reply
